,id,description,mpn,total_stock,batch_average,time_average,last_batch,risk,rop_estimate,lead_time
0,03v3p5ntktjjb90mrg0n795kkp,FPGA Kintex-7 Family 406720 Cells 28nm Technology 1V 676-Pin Lidless FCBGA,XC7K410T-1FBG676C,69,-1,0,316,Low - not enough data,-7,
1,01drh3znayhbv98w1cny4qw3mp,"Precision resistor, SMD [Panasonic Automotive & Industrial Systems] ERJ2RKF1001X Precision resistor, SMD",ERJ-2RKF1001X,44,-108,28,106,High - overdue for batch,-85,
2,00knzpmxpwjbbbmpxf78f9nxj3,"12-Bit, 200-MSPS Analog-to-Digital Converter (ADC) 48-VQFN -40 to 85",ADS4128IRGZT,0,-25,0,179,Low - not enough data,-186,
3,09qa1eed22kx4a52pgs092j4j7,"Anti-Static Bag 2x3""",30023,713,-77.70082418,3.932610939,6,High,28.39349845,
4,04p1f3kyeykrb8h141f8qnr93g,"Low cost SMA Edge (RF Connectors / Coaxial Connectors SMA EDGE MOUNT JACK),Receptacle, Female Socket",,195,-57,38,95,Low,107,
5,0eweygp74yjzx82zyxydfz738n,XMEGA TARGET PCB,,136,-64,0,133,Low - not enough data,-7,
6,01hsys77gghg0b8d418wtgxyrk,Res Thick Film 1.6 x 0.8 mm 100 Ohm 1% 0.1W(1/10W) 100ppm/ C Molded SMD Paper T/R,RC0603FR-07100RL,5740,-128,0,133,Low - not enough data,-7,
7,02skbrrqr6hmp96pz5m42aahx5,4MM/CCW COIL,,41,-44.66666667,95,155,High - overdue for batch,-67,
8,05xxxfmyx6kvjb1dcr2rq3w0cd,NAE-CW508-HPF0.5,,1,-13,0,29,Low - not enough data,-36,
9,06wrq318h8k7x8sn4xr8gqynt4,SCAPACK-L1-KIT SLEEVE,,133,-50,0,79,Low - not enough data,-7,
10,060x9yrca2hna8p2gjagvgjgtm,USB COMMUNICATION INTERFACE,,24,-15.12222222,31.6,35,High,24.6,
11,06mc3e6b9yjqc9hc5sxajjrexh,Hex screwdriver for CW305 Socket,27545,3,-3,0,97,Low - not enough data,-7,
12,0bg5csr7wak03bke35b4mqh8yz,Res Thick Film 0402 24K Ohm 1% 0.063W(1/16W) ±100ppm/C Pad SMD Automotive T/R,RMCF0402FT24K0,10444,-108,28,106,Low,2681,
13,0gzczzs5jwj7096421g25wj1fc,Conn Shrouded Header HDR 14 POS 2mm Solder ST Top Entry SMD Milli-Grid™ Tube,87832-1420,28,-18.05555556,133.5,58,Low,126.5,
14,0c8qc8r4mmk0c8x6a4thqa3jj6,INJECTION TIP LABEL 1MM/CCW (RED),,67,-25,0,155,Low - not enough data,-7,
15,06rb2pfp6ckx0bbcxqqgywma77,CW312-TMP91FW27UG target,,5,-29.58333333,283,44,Low,232,
16,07ncbnxd5pj3gbka8ttwcewp2w,"Connector Accessory, 0.05in Min Cable Dia, 0.06in Max Cable Dia, Contact, Brass",66506-3,138,-56.75,2,314,High - overdue for batch,-3,
17,0mnxhkzv68hhja0t42nhcmtd3r,3 COND 6FT BLACK,173-21103-E,0,-3.222222222,17,161,High - overdue for batch,-151,
18,0gd2gmpxxtjpg9e216rmb8b61v,Prototyping Products 3 jumpers-Qty 100 RED female-female),920-0008-01,136,-86.90571429,33.80128205,14,High,26.80128205,
19,0ce147mpfag8wahbswmahja319,Chipshover LCD board cable,,2,-6,113,212,High - overdue for batch,-106,
20,0mm9jm70c2kmrb1cfehtp5qjj0,"ChipWhisperer 20-pin Breakout, Flying Leads",B451-2008-11-01-1,1101,-27.62533167,4.088194444,6,Low,152.4395833,
21,13a3za0w0wjcfa2jbvtn74yet3,"Jumper Wire Female 7"" 100PCS (GREEN)",920-0205-01,444,-215.1888889,43.58333333,14,Medium,80.16666667,
22,0dtkrpxpfckn59tnbpypvd2q6d,0603 10 nF 16 V ±10% Tolerance X7R SMT Multilayer Ceramic Capacitor,GRM188R71C103KA01D,1386,-64.22222222,91,63,Low,1904,
23,0erak4pxhthnr9fwh12qat1qrm,Res Thick Film 0603 4.7K Ohm 1% 1/10W ±100ppm/°C Molded SMD SMD Paper Tape on Plastic Reel,CR0603-FX-4701ELF,3544,-108,28,106,Low,889,
24,0gf588y7cygqf89bvjtp269nw7,"USB-C, 3 feet, black, MP 38916 - Monoprice Select Charge & Sync Type-C to Type-C Cable, USB 2.0, TPE Jacket, Up to 3A/60W, 3ft, Black",38916,0,-4.75,52,171,High - overdue for batch,-126,
25,0x7tg547awgnbagpdcmn12kttw,CW310-K410T Kit - SCA (COMPLETE KIT) includes acc pack for K410T (spare fan),,0,-1,0,64,Low - not enough data,-71,
26,0vaz1wkncajm89ctbh48fn1fk8,(NAE-CB520)  ....OSCILLOSCOPE PROBE ADAPTER LABEL,,528,-32.5,0,359,Low - not enough data,-7,
27,1aq80k2hrtkmqbn3w20fznk2ga,Daughter Cards & OEM Boards STM32L5 w/ Hardware Crypto Target for CW308 (TESTED),,40,-1.7,57.58333333,18,Low,1317.416667,
28,0ybffqgw8ekgdbkjx7dx297wwq,Switch Rocker ON OFF SPST Quick Connect Curved Rocker 9A 250VAC 30000Cycles,R1973ABLKGILFF4,75,-7.333333333,58,212,Low,573,
29,0wxqbx28jagh8ba3p3gd69r317,0603 47 pF 50 V ±5 % Tol. C0G/NP0 Surface Mount Multilayer Ceramic Capacitor,06035A470JAT2A,3110,-183.3333333,58.5,184,Low,929,
30,0r0xt5gbq2krpa5rgff44p7ynx,Light Pipe; Rigid; Panel Mnt (Front); 3mm Round Lens; Low Profile Round Face; .125in.,PLP2-125,1113,-135.5,48.83333333,35,Low,383.6666667,
31,1dtqgb40ejg9paxrd35dyqfv3c,Power Supply AC-DC Desktop Medical&ITE 36W 12V@3A 90-264V Input,ACM36US12,5,-9.729166667,18.69047619,57,High - overdue for batch,-45,
32,13b9jecs98g1db42htm36z061d,"Stainless Steel Flat-Tip Set Screw, 18-8, M8 x 1.25 mm Thread, 16 mm Long",92605A144,81,-21.5,53.5,35,Low,153.5,
33,0pf51gsmkwhfr9j1s1qhz79kjp,Switch DIP ON OFF SPST 6 Raised Slide 0.1A 20VDC Gull Wing 2000Cycles 2.54mm SMD Tube,219-6MST,3,-15,0,16,Low - not enough data,-23,
34,11fvjzk7etjdvbtgsnhhfaa4fv,UFO TARGET BOARD MPC5777C  (UNTESTED),,14,-3.666666667,276,52,Low,821,
35,1g44amj944g3saw850ar96g2a0,SAM3U Series 96 MHz 256 kB Flash 52 kB SRAM 32-Bit Microcontroller - LQFP-144,ATSAM3U4EA-AU,111,-50,0,329,Low - not enough data,-7,
36,14s4kjg2hyj3wbj7k46g5hdffd,"12 1⁄8 x 9 1⁄4 x 4"" White Tab Locking Literature Mailers",S-6714,3,-2.333333333,56.16666667,18,Medium,49.16666667,
37,122cmynabyhhqbyefhh8zq0d69,"High-performance foundation line, ARM Cortex-M4 core with DSP and FPU, 1 Mbyte Flash, 168 MHz CPU, ART Accelerator",STM32F405RGT6,0,-100,0,338,Low - not enough data,-345,
38,1gkh02zyr4jkgamrb0914ekcpr,SOCKET CAP SCREW (92210A146),92210A146,397,-116,107,35,Low,314,
39,14zjpk8zrwj9781911pqfs9f3b,RC Series 0603 0.1 W 2 kOhms 1% ±100 ppm/°C SMT Thick Film Chip Resistor,RC0603FR-072KL,1443,-102.4111111,39.33333333,73,Low,543.6666667,
40,0xhfw7cbm2h3h9jhchkjqdpwz9,Nano quick starter guide,,353,-273.5,0,297,Low - not enough data,-7,
41,1hnxyw1ekcjxza0cdt1jgckbsb,DIODE SCHOTTKY 40V 1A DO214AC,CDBA140-G,245,-54,9.333333333,106,Medium,30.33333333,
42,2c3f4mnxz0k4ab0h4t72mnk559,"4.8"" Long Nozzle, Taper Tip for Twist-Lock Connection Two-Part Cartridge (10 PACKS)....(STATIC MIXER 5MM 24 EB SQ 10PCS)",74695A222,20,-6.5,0,35,Low - not enough data,-7,
43,15b0mq66x0gm5aanpxgtvzpknr,EAR99 65LVDS2 Tape & Reel (TR) LVDS interface transceiver 454mV 0.00002A 13.012431mg 3.1ns,SN65LVDS2DBVR,738,-3,0,326,Low - not enough data,-7,
44,1facbd5n6ygq08mjg7aygs2e1d,CWHUSKY LABEL rev. 1.1B,,26,-1,0,294,Low - not enough data,-7,
45,1fbk5jsrmrk6n8ads94pfv9qj2,Chipshover Power Switch Cable,,13,-5.5,113,212,Low,219,
46,1mb5fx8fzwkgva5ydjzxp1wa9x,S-8264,,81,-11.86,30.625,10,Low,176.75,
47,1q638v4zxejmfbwv2aqjyqjbcb,RC Series 0603 0.1 W 33 Ohms 1% ±100 ppm/°C SMT Thick Film Chip Resistor,RC0603FR-0733RL,2021,-202.7222222,46.4,106,Low,410.6,
48,1f18krndqwhj98n92tp6zajxj8,CW503 Front-Panel,,150,-54,0,91,Low - not enough data,-7,
49,26pnamdgtyjzqawn1r1s0zjnpd,"Hex L-Key with Standard Tip, 2 mm Size, 2"" Overall Length",7289A12,37,-3.166666667,49.5,64,Low,537.5,
50,0bvr8xka74jvkaxkqtebgf845v,,,399,-24,2.5,315,Medium,33,
51,2d4zqazzcyj0hbfxtvdevj12nz,TL431 Series 36 V 100mA Adjustable Precision Shunt Regulator - SOT-23,"TL431ACDBZR,215",278,-51,0,330,Low - not enough data,-7,
52,1p0jswmmz4kebabxmwx0pda47v,"RES, 10M, 1%, 1210, THICK FILM",KTR25JZPF1005,17,-14,0,326,Low - not enough data,-7,
53,173hbeq6ywkrc9vp0jk63vtw8c,"18-8 Stainless Steel Locknut with External-Tooth Lock Washer,M3 x 0.5mm Thread",90923A216,72,-21.5,53.5,35,Low,153.5,
54,176h9kx5vwkaqay8kxz6r58ajf,RC Series 0603 0.1 W 100 kOhms 1% ±100 ppm/°C SMT Thick Film Chip Resistor,RC0603FR-07100KL,2668,-45.5,41,63,Low,2371,
55,0ne8bbyzkyhr58y6f9b5rc58ms,Cable Assembly USB 1m USB 2.0 Type A to USB 2.0 Type B 4 to 4 POS M-M,102-1030-BL-F0100,22,-14.56794872,11.87698413,35,High,4.876984127,
56,0e92vxae1pg5eb9mr9x6kg3g3x,"FAN BERGEN & LUNA OT (Female Threaded Hex Standoff, Aluminum, 1/8"" Hex, 3/16"" Long, 2-56 Thread)",91780A021,68,-39.44444444,19.73333333,57,High,12.73333333,
57,1885wtann0hpnagyk66f2s7qks,UFO Target board MPC5676R,,5,-2.5,122,202,Low,237,
58,0nhh9wcs5agrbbs4jy2cfzsjmd,CHIPSHOUTER END COVER B,,12,-35.33333333,110,142,High - overdue for batch,-39,
59,0eqg9sjyhghjc8bqbjqxjnnp2d,Raspberry Pi Pico Embedded Dev Module,SC0915,60,-36.16666667,132,72,Low,125,
60,2gsf446jm4jv294kqehtpb9y5e,Conn SMA RCP 0Hz to 18GHz 50Ohm Solder ST Thru-Hole Gold Over Nickel,142-0701-231,90,-30,0,58,Low - not enough data,-7,
61,2w03vgmw0chdqaqrqnhmw51a4y,"Anti-Static Bag 4x6"".....Anti-Static Control Products 4 x 6"" pkg./100",30046,1078,-64.3952381,50.66666667,29,Low,803.6666667,
62,0jq707dqepkpyah3dz4r9p83q9,6 inch USB C-C Cable,DH-20UE00062-NH,37,-9.666666667,112,57,Low,329,
63,1cdhfsdp6gjq3ajt1k55h84f24,Chipshover,,11,-5.5,113,212,Low,219,
64,26kjth87tmj009nff5n11cbgry,C Series 0603 2.2 uF 16 V ±10 % Tolerance X5R SMT Multilayer Ceramic Capacitor,C1608X5R1C225K080AB,4000,-988,0,331,Low - not enough data,-7,
65,1c2gecfedeg2893kvt5pxktxhb,Diode Schottky Rectifier 40V 0.5A SOD-123 SMT RoHS,MBR0540-TP,235,-54,9.333333333,106,Medium,30.33333333,
66,10h4fgshdahqkbssvja3p320s6,PicoEMP,,4,-1.080952381,6.666666667,15,High,13,
67,2m0n509xygjfs93q9bc95f8x63,JS Series DPDT On-On Gull Wing Surface Mount Subminiature Slide Switch,JS202011SCQN,19,-43.71666667,61.6,16,Medium,38,
68,1zm2jfb3wpjk39d0tm4rynkfe6,"MCU, 32BIT, 133MHZ, QFN-56;",RP2040TR7,500,-500,0,328,Low - not enough data,-7,
69,2m7km44f5yjmt9s6kjcnxzpsc7,,,8,-4,0,282,Low - not enough data,-7,
70,1yw4vrzwr6ja39fcms0x7keesa,NPCA Development Boards & Kits - ARM STM32F3 Target for CW308 (UNTESTED),,500,-200,0,92,Low - not enough data,-7,
71,2tycznezhejxd84kkq2p2wr0q4,UFO Target ESP32 TESTED,,28,-3.175,139.7777778,18,Low,1111.222222,
72,1xdrmy52wwka2976qev4q9zb0r,MCU 32-Bit ARM Cortex M23 RISC 64KB Flash 3.3V 32-Pin TQFP Tray/Tube,ATSAML11E16A-AU,1,-56,34.66666667,198,High - overdue for batch,-170,
73,0tkvkqnzfak779zg69yjhetchv,"Microcoaxial RF, 50 Ohm, PCB Vertical Jack Receptacle, SMT, 1.25mm (.049"""") Mounted Height",73412-0110,9,-2.416666667,9,157,High,20,
74,2n9chk3dk4j8d9hr8xj12dfjf3,"CONN FEMALE 2POS .100"" R/A GOLD",PPPC021LGBN-RC,239,-54,9.333333333,106,Medium,30.33333333,
75,39raqxg2ztj21bafmd3k5xabfq,Standoff; Threaded; Female; 1/4 Round; 4-40 Thread; .375 L; Alum/Clear Iridite,3479,681,-122.7683871,7.113383838,10,High,28.56691919,
76,2esef7agerkpd9b9qhbajc01sq,Backshell (90 deg) Orientation 1,,5,-1.25,0,23,Low - not enough data,-7,
77,1yw7jdyhj4k6vakymgjm6aqx90,Development Boards & Kits - AVR NOTDuino Kit,,1,-2,0,27,Low - not enough data,-34,
78,307q06zt54jwsacpsxpw30ssq1,Chipshover ESTOP cable,,6,-3.333333333,0,212,Low - not enough data,-7,
79,228p594v2ykds8d7v1jmb4shbe,Jumper Wire Kit,920-0169-50,0,-2,0,84,Low - not enough data,-91,
80,17fq1a9c7jkx583w316d3c4krx,Screw Caphead 6-32 1/2,92196A148,60,-34,0,325,Low - not enough data,-7,
81,30dx538craha1a3va7pw5n56kx,USB INTERFACE board REV. 03   (TESTED),,11,-15.02777778,31.8,35,High - overdue for batch,-10,
82,18nbvxqdt4hmsabqrt275qgpe1,Thick Film Resistors - SMD 2.2K OHM 1%,RC0603FR-072K2L,3480,-20,0,287,Low - not enough data,-7,
83,1570pkx9p8hdmbfpmbba4jt6y2,Chipwhisperer Husky L0 kit,,6,-3.827678571,23.1,18,High,16.1,
84,2pn9hkk15rkb98yre16c0eh46v,FOR CHIPSHOUTER END COVERS,,12,-35.33333333,110,142,High - overdue for batch,-39,
85,36vngmv82wkwd8gcrv9ty2z8bz,with PROP65 Warning Label printed (small orange box for UFO targets),,1884,-59.16333333,17.84163474,14,Low,546.0906769,
86,23y6bcmhnyghqan6ghm5t8btpb,Heat Sink Kit for Raspberry Pi 4B - Black Aluminum,110991328,174,-120.2708333,16.48412698,41,High,9.484126984,
87,2ssg5dke98gn3a3464gr9n4vjc,Chipshover case label,,5,-6.666666667,0,211,Low - not enough data,-218,
88,2942vqe8wegqa8qmb6zbgsxwp4,Other Modules ChipSHOUTER Electromagnetic Fault Injection (EMFI) Kit,,1,-1.4475,8.342857143,17,High - overdue for batch,-15,
89,3px31r7e7rh159s7efsabrhj9e,"SMA Male to MCX Male, 15cm (12"")",,322,-38.87708333,15.23833333,14,Low,114.9066667,
90,2h4f13mkxwk16bqqyk6ynvsa7s,Res Thick Film 0603 200K Ohm 1% 0.1W(1/10W) ?100ppm/C Molded SMD Paper T/R,RC0603FR-07200KL,2444,-28,7,8,Low,602,
91,1jhnjy9zb4h5kb899v638d6ep6,Connector Shrouded Header 20 Position 2.54mm Solder Straight Thru-Hole,75869-104LF,2,-30,0,16,Low - not enough data,-23,
92,1958pkhmawjvpazfssz0qgphd5,iCE40 (small FPGA) target,,8,-27.30601504,12.64814815,14,High - overdue for batch,-8,
93,2adgc0mt0ak2b8jr2t51y8kryw,TL3301 Series SPST 1.6 N Round Button J-Bend Surface Mount Tactile Switch,TL3301AF160QJ,8,-52,9,63,High - overdue for batch,-61,
94,1cy3j4fph2jb1b03qdwaj0bcyk,"2 C, Open Top, .100"" CC; No Mounting, 105 C, PBT; Phos Bronze, Gold Flash",SPC02SXCN-RC,851,-73.27,7.833333333,28,Medium,79.16666667,
95,2eazr3k6twjwkbc8tm07y70d11,UFO TARGET EFR32MG21A TESTED,,32,-14.08571429,45.33333333,27,Medium,83.66666667,
96,2n6s2mn86rja182vc2ymqb6g4j,,FDV301N,444,-10,0,330,Low - not enough data,-7,
97,1qkbs3qexcjg9bgpr88m2javxc,"connector, rf coaxial, sma in-series adapter, straight plug to plug, 50 ohm",132168,14,-15.09464286,11.32881563,6,High - overdue for batch,-2,
98,1fd31jxd96gvm8fwfd2dtbgrwb,Low Speed/Full Speed/High Speed USB Interface Device USB 1.1/USB 2.0 3.3V Tray 56-Pin QFN EP,USB3500-ABZJ,2449,-1,0,328,Low - not enough data,-7,
99,349yj18cs0k41b0cyjcnc6ryw0,BROWN BOX CORRUGATED BOXES,S-4393,50,-4,0,323,Low - not enough data,-7,
100,46d572wcf6k1198ss685hhjd3r,"USB Full Speed to Basic UART IC with USB Charger Detection, SSOP-16",FT230XS-U,1,-71,0,183,Low - not enough data,-190,
101,1xzc2pkamjkkpagmdgcgdga1fk,Switch Tactile N.O. SPST Round Button J-Bend 0.01A,KSC243JLFG,0,-51,0,185,Low - not enough data,-192,
102,35mzx02sgwhk795kdfwhnsred8,PROBE SET with Power Supply KIT SLEEVE COVER,,9,-18.75,49,65,High - overdue for batch,-23,
103,4drepgntqek978nk5rtf9616pw,Res Thick Film 0402 3.3K Ohm 1% 0.063W(1/16W) ±100ppm/C Pad SMD Automotive T/R,RMCF0402FT3K30,9688,-144,14,106,Low,931,
104,2t4bras5h4jc7a1fcjyq51002v,JUMPER WIRE VARIOUS 20PCS,920-0067-01,18,-360.5857143,11.13296703,13,High - overdue for batch,-8,
105,3a6w56t7jyh3basfysfet05662,,MR3010H05B1-RSR,9,-3,35.33333333,64,Low,99,
106,4734tpvnkwgc6b6a5p8z9fnn0g,MCU 32-Bit SAM4S ARM Cortex M4 RISC 128KB Flash 1.2V/3.3V 48-Pin QFN Tray,ATSAM4S2AA-MU,0,-188.5,0,179,Low - not enough data,-186,
107,2qx6gvhwfthbh91tz30axbahej,Conn; Rect; UnshroudedHdr; 5Cnts; ThruHole; BergStik; 2.54mmPin-Spng; Vert; 1-Row,68000-105HLF,78,-22.44444444,116.5,95,Low,342.5,
108,3b67bnkaqrhye8hwz84rrw4e37,"Rf Coax Conn, Plug, Cable, 50 Ohm Rohs Compliant: Yes |Huber+Suhner 11_MCX-50-2-19/111_NH",11_MCX-50-2-19/111_NH,117,-50,0,195,Low - not enough data,-7,
109,38ayrzy4qwjgxawa45sm10xb7d,Ferrite Beads Multi-Layer 600Ohm 25% 100MHz 500mA 380mOhm DCR 0603 Automotive Paper T/R,BLM18AG601SN1D,650,-100,0,330,Low - not enough data,-7,
110,2r1nty4az0j1kamsjw2qck4d7k,AC Power Cords 250V/2.5A 6'Cord BSI Plug BS1363AW/3AFUSE,370021-01,8,-1,0,196,Low - not enough data,-7,
111,4n1kmp1e7jj9h8n1wpg0njdt1z,CWLITE 2PART SLEEVE COVER,,56,-29.72222222,127,71,Low,120,
112,23e3g6a834h7pan2stbz4xs7mb,10x10x6 BROWN BOX,S-19857,29,-21,0,323,Low - not enough data,-7,
113,1w45xvhqqphgq8av34zemw56j5,"RES, 300K, 1%, 3W, 2512, THICK FILM",3522300KFT,400,-100,0,73,Low - not enough data,-7,
114,3hhhbm307rkembk67111n0ebds,WHITE BOX FOR NAE-SCAPACK-L2 KIT (12X12X4),S-11244,0,-19.36,14.35,6,High,1,
115,38rhybbt6cggp8cqwvbd576tct,"Cable 20POS Socket to Socket 3""",D89120-0131HK-3365/20-D-3,36,-9.375,90,57,Low,263,
116,2vbj00qynwk0mam5krq6svxjvr,Res Cermet Trimmer 5K Ohm 10% 1/4W 5(Elec)Turn 1.5mm (4.8 X 5 X 3.71mm) J-Hook SMD Embossed T/R,3214J-1-502E,247,-43.2,7,106,High,28,
117,4zh4vpnjzrkdfaraz80xtddze0,ARM XMEGA Target for CW308,,10,-1.666666667,49,226,Low,287,
118,3de4zjfx36j1xbt4vy7g916pxq,Hammond Black Flame Retardant ABS Plastic (3.30 x 2.20 x 0.80) Enclosure with No Flange,1591MBK,3,-13.7,69.5,16,Medium,46,
119,2wayfsx27rgm0bx5q1rgg3b16f,"ALUMINUM ELECTROLYTIC CAPACITOR 220UF, 16V, 20%, RADIAL",227CKE016M,19,-50,0,95,Low - not enough data,-102,
120,34kw7dmr3rjkpbc6wq64x1fcwn,PCA for UFO Main Board,,223,-36.23,36.97222222,23,Low,214.8333333,
121,3k2bx4gph2gdham84zbh6zd9ax,Processor Supervisor 3V 1 Active Low/CMOS 3-Pin SSOP T/R,BD49K30G-TL,717,-100,0,330,Low - not enough data,-7,
122,52f0zg94v8j3cadsntmvweedmx,Res Thick Film 1.0 x 0.5 mm 14.7K Ohm 1% 0.063W(1/16W) 100ppm/ C Molded SMD Paper T/R,RC0402FR-0714K7L,9945,-50,0,63,Low - not enough data,-7,
123,2bkc405tbcgwj84symf6v1n3ms,CUSTOMIZED PINK FOAM FOR CHIPSHOUTER UNIT,,19,-17.03333333,44.13888889,35,Medium,37.13888889,
124,3n8qc2h03rgqd94t1748vdn3vx,"18-8 Stainless Steel Socket Head Screw, M3 x 0.5 mm Thread, 10 mm Long",91292A113,646,-91.78,58.16666667,11,Low,400.1666667,
125,55ddyd3znwg1qbqd3keym2y3c5,Test Point; Compact; THM; PC; .350 L; .125 OD; Heat Resistant Nylon 46; Orange,5008,114,-36.44444444,133,58,Low,392,
126,56e0nfptq6gbf9cstqt361zrx9,Chipshouter injection probe tips label,,38,-14.48333333,32,35,Medium,57,
127,3phfmq03r4hfj9d8h30rc92cf7,Cable Assembly AC Power 1.82m CEE 7/VII to C5 3 to 3 POS M-F 19AWG,364012-01,12,-9.119047619,26.18518519,35,High,19.18518519,
128,33tt4sgc9ghmmbvhmw31q4y62j,Non-Lighted Pushbutton Switch Black Thermoplastic SPST 250AC,MJTP1230,54,-31.38888889,77.66666667,95,Medium,70.66666667,
129,560ptxwtn6gnw8za7n6h812d63,"Metal Film Resistor, 10KOHM, 250mW",,870,-100,0,95,Low - not enough data,-7,
130,3cq1k2haawkqybw0f9ht8mevvh,Red Square Non-Illuminated Snap Fit Pushbutton Switch Cap,4JRED,12,-13.33333333,0,212,Low - not enough data,-219,
131,2mdx2hydmahm592wxt9vbe9rw8,Development Boards & Kits - ARM ChipWhisperer-Nano,,34,-18.14571429,30.72222222,18,High,23.72222222,
132,5fa1ap8cnwjqt9r0a3vb7vxqa2,CW-Target - NOTDUINO Blank PCB,,141,-50,0,95,Low - not enough data,-7,
133,3xhhcegyhrgr8bd9ve07yj45gq,Res Thick Film 0805 75 Ohm 5% 1/4W ±200ppm/°C Molded SMD SMD Punched Carrier T/R,ERJ-P06J750V,1402,-100,0,73,Low - not enough data,-7,
134,340ravwnqjkg18djx3g2mje500,CW341 (Kintex UltraScale) KU095,,0,-9.2,32.5,200,High - overdue for batch,-174,
135,3xs0as2w2rkgr86c1mp8gdhc50,Contact PIN Solder ST Thru-Hole Bulk,9022-0-00-15-00-00-33-0,96,-16.66666667,0,56,Low - not enough data,-7,
136,34tx2c1h0ah8jba1c4vxzmfxxt,"PCA for CW305, 7A35 Variant",,1,-4.166666667,41.88888889,95,High - overdue for batch,-60,
137,57bk6ph0r6jzxbcm402a7crc9c,,,0,-5,1,307,High - overdue for batch,-313,
138,3h15wwvdz6ggybdarnt2ykk2a8,"SMD Chip Resistor, 220 kOhm, ï¿½ 1%, 63 mW, 0402 [1005 Metric], Thick Film, General Purpose",RC0402FR-07220KL,9000,-1000,0,331,Low - not enough data,-7,
139,2tebx70ha6j2aaw239engrdnpj,Chipshouter hardware accessories kit,,38,-15.12222222,31.6,35,Medium,56.2,
140,2rea0dfvx8jambkm8tbn5akjrz,Heatsink Brass Push Pin 14MM,ATS-PP-06,6,-19.66666667,135,57,Medium,71,
141,2xp8g06zn8jyv9ageyqsfy46mn,Nylon Tubluar Spacer 0.062 in. Length 0.25 OD 0.147 I,9905-062,1117,-323.15,11.9047619,65,High,28.71428571,
142,4412z5mnwwgkfahe7ad5r0v1mn,"PCA for CW305, 7A100 Variant",,6,-18.90555556,19.75,44,High - overdue for batch,-31,
143,5vkjm4b03yk7v822zrt9z3b5cd,Res Thick Film 0402 10K Ohm 1% 0.063W(1/16W) ±100ppm/C Pad SMD Automotive T/R,RMCF0402FT10K0,0,-160,28,106,High - overdue for batch,-85,
144,41jsaebvnghh690ac3922q854m,"Right Angle USB C-C, 12""",,127,-9.666666667,112,57,Low,1449,
145,5e9apj5chtjbr84qcdf7a586r9,LDA111 Series Single Channel 30V 8500 Vrms Transistor Output Optocoupler - DIP-6,LDA111STR,8,-50,0,73,Low - not enough data,-80,
146,2yatvbypbrg74btcq64erkdnsz,USB to DC Power Jack Cable(Ferrite on DC end),,0,-23,0,29,Low - not enough data,-36,
147,45tdwhtzw6j618nzpy7p1ejep9,"KK 254 Crimp Housing, Friction Ramp with Polarizing Ribs, 4 Circuits, Natural",22-01-3047,829,-16,0,325,Low - not enough data,-7,
148,3aehejcmhjg0e8fy03a0n38gmk,"Surface Mount Thick Film Resistor, RC Series, 220 ohm, 100 mW, - 1%, 50 V, 0603 [1608 Metric]",RC0603FR-07220RL,1181,-174,1,184,High - overdue for batch,-1,
149,5fcf2sdrfckr4b3khekby5bx4r,"Jumper Wire Female 7"" 100PCS (BLACK female-female)",920-0110-01,0,-54.34920635,20.8974359,112,High - overdue for batch,-98,
150,35g4yx1eg6kds9na71ayarchzr,"PCB for NPCA-DIFFPROBE-02 (Single PCB, ordered in Panel)",,227,-54,9.333333333,106,Medium,30.33333333,
151,4c9s1asqpmg0589fc156rfg18k,HARDWARE HACKING HANDBOOK,,27,-1,0,205,Low - not enough data,-7,
152,3ej2cvatspkn1b103wyapp4jbc,PCA: ChipSHOUTER main board,,87,-23.33333333,42,35,Low,119,
153,5mb993v6m4g898vnbvd7951n87,PCB PicoEMP,,464,-100,0,73,Low - not enough data,-7,
154,3snnkr3bztg049f4cewa3j4xgd,RES 10K OHM 1% 1/10W 0603,CRCW060310K0FKEAC,0,-462,0,331,Low - not enough data,-338,
155,62g9a6akc8hj9b57vqez7xtys7,BLACK COATING ; HIGH TEMP. (MATWEB),7548A11,8,-3.97,34.875,11,Medium,62.75,
156,3hxte2154wj6y8tjwgds0g4vxr,"SMA Male plug, Straight PCB Vertical Mount, Low Cost (Aliexpress)",,200,-37.625,87.66666667,72,Low,431.3333333,
157,4dqeszs416hhpaz89tc52v7sdx,"RISC Microcontroller, 32-Bit, FLASH, CORTEX-M4 CPU, 168MHz, CMOS, PQFP64",STM32F415RGT6TR,0,-50,20,105,High - overdue for batch,-92,
158,4h4zgp1kxegkrbvncxjc5ac0gv,ADVANCED BREAKOUT PCB,,0,-15,2,8,High - overdue for batch,-13,
159,3zxqkdkaq0kbya4q5bkx4r3hvf,"Hex L-Key with Standard Tip, 2 mm Size, 3-1/4"" Overall Length",6958A11,37,-3.166666667,49.5,64,Low,537.5,
160,3eycyv7zhmkvm9qcykdfyf79zd,"RF SMA Connector, 1 Contact(s), Female, Board Mount, Solder Terminal, Locking, Jack",5-1814400-2,0,-60,0,16,Low - not enough data,-23,
161,4e4w9ac3arg65a1s7qs8ds68cb,UFO TARGET BOARD MPC5676R,,0,-7,0,198,Low - not enough data,-205,
162,6cejb8tp8mh249fz333nb1vvj9,"BERGEN BD,K410T NO VCCINT (UNMOUNTED CAPS)",,0,-1,0,200,Low - not enough data,-207,
163,3p3j1b5md8gwc9j3zhx47kznfn,Conn FFC/FPC Connector SKT 50 POS 0.5mm Solder RA SMD Embossed T/R,FH12A-50S-0.5SH(55),18,-10,0,287,Low - not enough data,-7,
164,3ezn02dp3ygswa41xgmh8bxmpd,Differential Probe,,66,-11.48506494,9.507948718,6,Medium,40.53974359,
165,4ejvy1pgrajk38e9gctkf5zb0c,XH Series 2.5mm 2 Position Through Hole Shrouded Header Connector,S2B-XH-A(LF)(SN),174,-19.5,132,72,Low,1049,
166,3pn62e28drj55a3r8exeahkdnq,DRAM Chip DDR SDRAM 512Mbit 64M X 8 1.8V 24-Pin FBGA Tray,S80KS5122GABHM020,79,-23.75,89.66666667,58,Low,262,
167,3r0vz8s4bgj4tbba2az0e6zdwp,"Power inductor, shielded, 20% tol, SMT, RoHS",MLC1565-732MLC,75,-25,0,63,Low - not enough data,-7,
168,4n2hdkryb6hnv9t26pdf26ydkm,Canoodler PCB,,155,-1,0,325,Low - not enough data,-7,
169,4vrh1df7y2gj6b2znty6hwp78b,"CW310 Kit - no board present, includes acc pack for K410T (spare fan)",,0,-2.916666667,55,163,High - overdue for batch,-115,
170,3r1dxq58pyjks9vtpmjk9yc5z0,Res Thick Film 0603 120 Ohm 1% 0.1W(1/10W) }100ppm/ Molded SMD Paper T/R,RC0603FR-07120RL,996,-101.9166667,77.55555556,10,Low,691,
171,3s48tdeqhekqb95v437jma83pd,SAM4S REV.03,,888,-48.36638655,21.72222222,14,Low,384,
172,6b9qhmqx8rg389k7j9aczfr3xe,MCU 32-bit ARM Cortex M4 RISC 128KB Flash 3.3V 48-Pin TQFP Tray,ATSAM4LC2AA-AU,0,-124,0,302,Low - not enough data,-309,
173,41masrg7hthg9akmzscptbh8bp,Crystal 7.3728MHz ±20ppm (Tol) ±50ppm (Stability) 18pF FUND 100Ohm 2-Pin HC-49/US Thru-Hole Bulk,ABL-7.3728MHZ-B2,433,-30.77792208,15.79666667,6,Low,214.1533333,
174,3s6k3a06mekj9atfmkczxgxbx1,SONATA rev. 06,,0,-16.11111111,6.125,112,High - overdue for batch,-112,
175,4qgzp8vnkmhe6atwdr1bbjds0q,USER MANUAL FOR CHIPSHOUTER,,53,-12.68154762,22.71428571,35,Medium,83.85714286,
176,6h4z3ggg08g409xq6efqj67cbb,Res Thick Film 0402 1K Ohm 1% 0.063W(1/16W) ±100ppm/C Pad SMD Automotive T/R,RMCF0402FT1K00,1000,-400,0,331,Low - not enough data,-7,
177,3teedn5bxrhne9jnnx05wqye9r,PROBE POWER SUPPLY  LABEL,,13,-69.75,64.5,14,Medium,43,
178,6dp9xcfzymh1xbnjh5jzwzwsbm,Metric Spacers M3 x 4mm CLEARANCE BRASS 4.75mm O/D,R30-6010402,216,-30.5,114,211,Low,791,
179,49tka6n8cmj5mbvr7ev9gg6qch,"M3 X 10 965-A2 (PASSIVATED 18-8 stainless steel Phillips Flat head screw,M3 x 0.5mm thread,12mm Long",92010A122,31,-21.23333333,60,35,Medium,53,
180,3wx2yk02npkqq96e9y6yrp62jd,Chipshover driver board,,36,-17,113,212,Low,219,
181,6hbx0eaabyk2g81e46aept2kmf,Ferrite Beads Power Chip 1KOhm 30% 100MHz 2A 0.1Ohm DCR 1210 Automotive T/R,FBMH3225HM102NTV,343,-43.27777778,134.5,58,Low,934.5,
182,40saqc2z4egsnb34yax788exd0,"14 X 10 X 6"" WHITE TAB LOCKING LITERATURE MAILERS",S-12769,27,-8.609259259,8.800925926,35,High,19.40277778,
183,6e10s9r1teh1sb8n0n0zrjab4p,CWHUSKY manual,,90,-45.24444444,13.43470588,4,High,6.434705882,
184,41221rhje4gkvasb0ggtbsy2vn,CWHUSKY BOTTOM LABEL,,138,-93.0625,35.85714286,41,High,28.85714286,
185,5a60x2cbmahpkaesbgmh4nezdn,Chipwhisperer Husky main boards Rev. 03 (7A100T) (UNTESTED),,73,-2,0,328,Low - not enough data,-7,
186,43g74c1vb4j2fazmwzg85s14ts,FPGA Artix-7 Family 33280 Cells 28nm Technology 1V 256-Pin FBGA,XC7A35T-1FTG256C,753,-50,0,179,Low - not enough data,-7,
187,4jskq169sgh3cbx72n954eqbwv,CR Series Ø 20 mm 3V 225 mAh Non-Rechargeable Lithium Coin Cell Battery,CR2032,28,-22.16666667,28.46666667,129,High,21.46666667,
188,4t75fr9cq6gmz8057bsjs0xre6,20 pin sticker,,22,-14.32154882,14.7,66,High,7.7,
189,5cgzefynrtg329zjfmctevrv6e,Ind High Current Chip Bead 1KOhm 25% 100MHz Ferrite 500mA 0603 T/R,FBMH1608HM102-T,4090,-120.0666667,49,133,Low,1659,
190,6jx9nw40sejnna882dryb8j44c,Solder Mask; Peelable; pink latex; anti-static; non corrosive; 8.8oz tube,862-250ML,3,-1,0,165,Low - not enough data,-7,
191,4qqnrqb63yk7f8b7n63ck1yzca,Conn Unshrouded Header HDR 20 POS 2.54mm Solder ST Top Entry Thru-Hole Bulk,68000-220HLF,181,-314.6550505,6.904761905,29,High - overdue for batch,-29,
192,5htqgr07tcgsq80pmyg8s2fqn0,Switch Tactile N.O. SPST Projected Plunger PC Pins 0.05A 12VDC 1.57N Thru-Hole,TL1100F160Q,23,-20,0,287,Low - not enough data,-7,
193,6pvkptyyxjgwvakvtn0s0sw7q8,4MM/CW,,5,-4.43968254,16.07371795,22,High,9.073717949,
194,4tjg9gnzs6j63byrveg26qwc4x,Advanced Universal Serial Bus Transcievers 16-TSSOP -40 to 85,TUSB1106PWR,243,-7,0,328,Low - not enough data,-7,
195,4dvv98vd8ehnh8ycp9gnt3ynn4,Conn Unshrouded Header HDR 10 POS 1.27mm Solder ST SMD T/R,20021121-00010C4LF,1155,-45,0,330,Low - not enough data,-7,
196,50vrgt65neganad0ey0smve2sg,Res Thick Film 1.0 x 0.5 mm 680K Ohm 1% 0.063W(1/16W) 100ppm/ C Molded SMD Paper T/R,RC0402FR-07680KL,9000,-1000,0,331,Low - not enough data,-7,
197,5r5zd5mj58hamb9rfan9248gf2,"18-8 Stainless Steel Hex Nut, 4-40 Thread Size",,234,-18.66666667,224,57,Low,2681,
198,4a6n32j070h1q9q0x549n9gmj3,PINK FOAM (THICKER(12X12X1),8726K63,0,-4.333333333,0,337,Low - not enough data,-344,
199,6tnt95v7gjj8kbch0dq0q7hdd0,"Monoprice 38893 - USB C, 2.0 only, red, braided",38893,0,-9.666666667,18.69047619,57,High - overdue for batch,-45,
200,54assjjtatj5nbre9nrzq837zy,"USB 2.0 Type-C to Type-A, 1.5ft",,36,-122.9666667,68.25,51,High,10,
201,7dd1ym7fjwj7vby36rgfe947ae,"; Zener Voltage Typ, Vz:10V; Power Dissipation, Pd:400mW; Diode Case Style:SOD-323; No. of Pins:2","PDZ10B,115",38,-2,0,326,Low - not enough data,-7,
202,54f3ncq964k1famnbhkq2vtkr3,OpenADC - Tested,,2,-1,0,294,Low - not enough data,-7,
203,7jhwzsm4x8jch9393bw0yhrx5p,1.5 m:l     kapton tape (for the probe tip),,1,-1,0,343,Low - not enough data,-7,
204,73znv55d8rkxq880q43g7272eb,NOR Flash Serial-SPI 3V/3.3V 256M-bit 32M x 8 8-Pin WPDFN T/R,MT25QL256ABA1EW9-0SIT,66,-90,0,329,Low - not enough data,-336,
205,55287w42q8ggd8tq56fhfg057w,CW312T to CW308T adapter (2-layer simple version),,812,-98.03746898,12.69666667,14,Low,94.57333333,
206,4f3x5z4gn0hsrbafqg0d56d6sy,Res Thick Film 1206 250m Ohm 1% 1/2W ±100ppm/°C Molded SMD Paper T/R,CSR1206FKR250,93,-3.666666667,216,95,Low,5393,
207,775k102858k4t9wht3g6vm6f7t,"17V Input, 5A Synchronous Step-Down Regulator with Voltage Scaling 20-HTSSOP -40 to 85",TPS56520PWPR,360,-119,0,328,Low - not enough data,-7,
208,5q6n622fymjnn95e2dtsbv1pz8,Chipshouter main unit,,30,-14.93333333,31.6,35,Medium,56.2,
209,5re1mbem2akt6ba4vj24d6jkec,"Anti-Static Bag 5x8""",30058,205,-23.5,11.5978836,65,Medium,85.78306878,
210,7cp0sbd6sgk7383sm1vkzb65rd,1.0 A Positive LDO Linear Voltage Regulator (Fixed and Adjustable) Vout: 1.8 V,NCP1117ST18T3G,829,-15,0,330,Low - not enough data,-7,
211,4qh9yjxk2mhrkamzpc0n3w8jjg,Fan Axial 30X10MM Ball 5VDC Wire,MR3010H05B1-RSR,30,-20,0,163,Low - not enough data,-7,
212,7e2pp7j4cmkcq80kw5g4e3kgyp,"Metal Film Resistor, 330 OHM, 250mW",,820,-150,0,95,Low - not enough data,-7,
213,7vf7m08vtyhyf8y6b547fcrnqg,"Nylon Plastic Washer for Number 2 Screw Size, 0.094"" ID, 0.188"" OD",90295A320,68,-39.11111111,23.6,57,High,16.6,
214,555dn1seq4h6r9292dfb257v7d,"Protective Pak Velostat Hinged Container 7x3-1/2""x1"" 4024",57021,382,-38.48166667,19.78571429,14,Low,171.0714286,
215,8006z21gqwjs6ba3wwq5wcse9m,Conn Unshrouded Header HDR 16 POS 2.54mm Solder ST Top Entry Thru-Hole BergStik® Bulk,68000-216HLF,4,-10,0,16,Low - not enough data,-23,
216,6nm0ngqhj0hwj9yfh5sxkpf58q,"Power inductor, shielded, 20% tol, SMT, RoHS, halogen f",XAL7070-122MEB,112,-3,46,283,Low,1695,
217,5c0n31qgsjg8jb0fxp0hc8skp7,"ROUND STANDOFF #4-40 ALUM 5/8""",1839,293,-54.5,135,57,Low,668,
218,6p96jfzamwhxv8jcc9ayn38qb7,Development Boards & Kits - ARM STM32F3 Target for CW308 (TESTED),,3,-21.89174943,14.5875,13,High - overdue for batch,-6,
219,6ryjw17kacjp38g0jtdj46nz5k,Conn RJ-25 F 6 POS 1.02mm Solder RA Thru-Hole 6 Terminal 1 Port Cat 3 Box/Tray,1734723-1,2,-24,0,184,Low - not enough data,-191,
220,8ffrcvf06cgzw9jnrhe6hygar0,"1.7 x 4.75 mm, Hexagonal Cover, Strain Relief, Modular, Dc Power Plug Connector",PP-014,110,-14.36666667,92.33333333,35,Low,639.3333333,
221,76q1hvpt20k0r9aek73ae11b0v,ATSAML11 UFO TARGET BOARD,,8,-70.66666667,52,198,High - overdue for batch,-153,
222,7gnqdtym7rgw49jcshbft1x71b,Development Boards & Kits - ARM STM32F1 Target for CW308 (TESTED),,21,-10.95,30.25,6,High,23.25,
223,90rzjt4rvej2eask7vx4jhcf8c,SONATA Rev. 09,,87,-58,0,29,Low - not enough data,-7,
224,96q12xm4mgjhc8pd81zq0evpv8,"Power inductor, shielded, 20% tol, SMT, RoHS, halogen f",XAL5030-122MEC,348,-375,0,329,Low - not enough data,-336,
225,9m983xpymtj9w94cbexwjjce2r,Bumpers and Leveling Elements Bumper Black Molded Polyurethane Adhesive 9.525mm,SJ61A8,3214,-179.3472767,8.463974359,14,Low,136.8875641,
226,4hapc1xfzygkcbzf8w337yasy7,1.25 mm Pitch 4 Position Single Row Wire to Board Connector Housing,GHR-04V-S,387,-27.83333333,56,57,Low,721,
227,56j5xmqjkwkcqagykabnaj7kpb,Enclosure; IP54; Subminiature; 1551 MINI; TransRed; Plastic; 1.97X.98X.61Inches,1551BTRD,90,-11,66,72,Low,521,
228,5jd81d5etckxxaxb73yx1dhee1,Chipshover JOY cable,,0,-3.666666667,0,211,Low - not enough data,-218,
229,5rj34b3dq0kdd9szyd1emav2jc,SAM3U Series 96 MHz 256 kB Flash 52 kB SRAM 32-Bit Microcontroller - LQFP-100,ATSAM3U4CA-AU,910,-7,0,329,Low - not enough data,-7,
230,43he08r3srh5wbxnees4mcjsnt,"Monoprice Palette Series USB 2.0 Type-C to Type-C Charge & Sync Nylon-Braid Cable, 3ft, Blue",38896,0,-12.66666667,11,294,High - overdue for batch,-290,
231,4jb6f4c86ghrb9wws99kr14wxn,SLEEVE COVER CW305 ARTIX FPGA XC7A100T,,28,-17.66666667,26.5,44,High,19.5,
232,5tyah2w2nrg9p8avsdchttdhkz,Heat Sinks HEATSINK FOR TO-268 BLK ANODIZED,DA-T268-101E-TR,94,-28.5,120.1666667,35,Low,353.5,
233,47smz6b29ggtvbsrtnk0x4ypcr,"SMD Chip Resistor, 22 kOhm, ï¿½ 1%, 62.5 mW, 0402 [1005 Metric], Thick Film, General Purpose",RC0402FR-0722KL,9932,-50,0,63,Low - not enough data,-7,
234,5a59fqwk3rkcna7dd12nh2fvwt,MURA Series 1 A 600 V 75 ns Surface Mount Ultrafast Power Rectifier - CASE-403D,MURA160T3G,11,-12,0,326,Low - not enough data,-333,
235,7kqjbsqehrjxca8s3ez80apwcv,"High-Visibility Blue L-Key 4 mm Hex Size, 2-7/8"" Overall Length",5984A25,104,-17.03333333,44.13888889,35,Low,257.8333333,
236,7tra567z3chenbd87e0c2dmz6n,RC Series 0603 0.1 W 10 Ohms 1% ±100 ppm/°C SMT Thick Film Chip Resistor,RC0603FR-0710RL,5242,-317.0153846,19.05833333,8,Low,297.9333333,
237,61zdsstqcmkgn93e9n3mbt4psq,Power Supply AC-DC Multi Plug Adapter 5W USB Input,VER05US050-BB,24,-15.96888889,13.56944444,6,High,6.569444444,
238,4agqx54fs8jss8pk4t3n42cap7,"10 of Each: Green, Red, Orange, Brown and Black 9"" Female Jumpers and 200 Headers",920-0193-50,0,-3,0,280,Low - not enough data,-287,
239,4mt53gn17gkys953w9amdezefy,RES SMD 220K OHM 1% 1/10W 0603,RC0603FR-07220KL,3500,-190,0,331,Low - not enough data,-7,
240,5b5r3n6yath2davs1h410nbk2t,,,28,-3.033333333,57.16666667,64,Low,507.5,
241,aa8em1q2h2j9wag6egtjjxgkj5,"Anti-Static Bag 6x8""...Anti-Static Control Products 6X8 ZIP PKG/100",30068,196,-8,0,325,Low - not enough data,-7,
242,63rkgbz032jrb8498vv7reyxsx,Daughter Cards & OEM Boards ChipWhisperer-Lite Capture (KIT),,2,-1,0,211,Low - not enough data,-7,
243,818w3g0992g4vbf71a90v9mc0x,PCB UFO Target STM32F REV. 3,,163,-39.16352941,11.95930556,6,Medium,40.83722222,
244,5pym8nsg56ke59gtgykay1pjpm,"1.8power cord, C5 to US Plug (NEMA 1-15), 10 A, 125 V",AC30MNA-R,0,-20,23,129,High - overdue for batch,-113,
245,abz08dcr5jghpbycc68qsmf7dg,Ferrite Core Antenna/RFID Rods 78-Material,3078990831,800,-115,0,345,Low - not enough data,-7,
246,82bhv61q1ekszb03d09reptygr,UFO TARGET LPC55S69 (TESTED),,51,-4,0,13,Low - not enough data,-7,
247,5saaq5hff4hxga2p2hxsjewdvt,HEATSHRK FP301 3/4X0.75 1=50PC,"FP-301 3/4"" CR 200'",0,-7,0,184,Low - not enough data,-191,
248,acrfh4zw6jkkm8xjetx4a60n9n,SONATA sleeve cover,,92,-46.7,16.375,29,High,9.375,
249,6h9n4b6axwjm99vy7actngxjyp,CONN 22-30AWG CRIMP GOLD,8550102,1846,-83,0,325,Low - not enough data,-7,
250,83w56e9nc8gpp9gn7x9s8ve780,Target Board for ChipSHOUTER PCB,,36,-102,0,185,Low - not enough data,-192,
251,4svv4r0gmth5nb6fwjrkzjx3c5,Trench MOSFET N-Channel 60V 3.5A 3-Pin SOT-23,PMV37ENEAR,452,-66.5,22.33333333,71,Low,127,
252,5st6rrtmewhkha437r1tntjehh,Res Thick Film 1.6 x 0.8 mm 22K Ohm 1% 0.1W(1/10W) 100ppm/ C Molded SMD Paper T/R,RC0603FR-0722KL,5402,-100,0,73,Low - not enough data,-7,
253,87b5nwz8bwh3g91p9n9y83kq98,Level 1 Starter Kit sleeve,,103,-50,0,79,Low - not enough data,-7,
254,84d3vs9y4gjeq8tdqwt8679fj6,"BERGEN BD,K410T  (MOUNTED CAPS)",,11,-3.027777778,19,64,Medium,50,
255,69n0hfxjq2gnk81cc924m2qhk8,"RAYCHEM: Heat Shrink,1/16 in. ID,2:1 Shrink,Blk,4ft stks,RNF-100-1/16-BK-STK",RNF-100-1/16-BK-STK,8,-1,0,328,Low - not enough data,-7,
256,4zk2thrfmakj6b4m2vsw3a3x6s,Cable Assembly Modular 2.13m 26AWG Modular Plug to Modular Plug 6 to 6 POS PL-PL Crimp-Crimp Carton,512-26-6600-BL-0007F,3,-22,0,126,Low - not enough data,-133,
257,ahprf2a9fmh81a7tm0a79zhe13,3n0,,168,-32,0,105,Low - not enough data,-7,
258,6r5kvjcrq8k9j9xp9xkzyydny9,NPCA Programmable Logic IC Development Tools Spartan 6LX9 FPGA Target for CW308,,0,-58,0,202,Low - not enough data,-209,
259,84kcwrxtn4gjda10rhdfctdjff,Switch Tactile N.O. SPST Rectangular Button Gull Wing 0.05A 12VDC 2.2N SMD Embossed T/R,EVQ-P7A01P,84,-1,0,326,Low - not enough data,-7,
260,6at8wwr8vygkj8xa9g5dw3e505,Cap Aluminum Polymer 1200uF 2VDC 20%( 6.3 X 9.9mm) SMD 0.008 Ohm 5230mA 2000h 105C T/R,2SVPE1200M,12,-50,0,62,Low - not enough data,-69,
261,4tg0b99sr8jwja6v6wfgyatce1,PCB K82F,,0,-100,110,193,High - overdue for batch,-90,
262,503gm7dyjjgs48rq890zm4btf6,"SoC; 2,412G÷2,484GHz; -98dBm; 2.2÷3.6VDC; SMD; QFN48; 19.5dBm; 16MB",ESP32-D0WDQ6,3,-16,0,105,Low - not enough data,-112,
263,akr66pe6yck25bj9wz6yn0ckkm,CWLITE CAPTURE SLEEVE COVER,,90,-8.325,31.66666667,10,Low,309.6666667,
264,8q4gbmbrv4ghbahw07npctt4kv,XC7A35T SLEEVE COVER,,7,-4.166666667,41.88888889,95,Medium,34.88888889,
265,6y62cwkg00jcya0ghzb3zd3e3k,Phywhisperer top label,,104,-42,0,65,Low - not enough data,-7,
266,51t9da6enagmh9aavbhn6h0j0a,Development Boards & Kits - ARM STM32F2 w/ Hardware Crypto Target for CW308 (TESTED),,12,-5,1,175,High - overdue for batch,-5,
267,5zfss5cjygjkhb5cxxtxyr0sm4,Cable Assembly UTP Patch Cord 2.133m 26AWG Modular Plug to Modular Plug 6 to 6 POS PL-PL Bag,AT-S-26-6/6/B-7/R,12,-12.95,31.8,35,High - overdue for batch,-10,
268,an0jsgkth0gqn8p2n0gwwfcphy,Conn Contact SKT 1 POS Crimp ST Cable Mount 1 Terminal 1 Port Loose Piece,7-66504-0,85,-52.5,3.2,310,High - overdue for batch,-3.8,
269,8rtn8q2hk4gj88xgney3dhsjq2,ATmega Series 20 MHz 32 KB Flash 2 KB SRAM 8-Bit Microcontroller - DIP-28,ATMEGA328P-PU,55,-50,0,95,Low - not enough data,-7,
270,8ahhj6nr8wkmfbj1bec5weqghf,White Lite Series 2 Position 2.54 mm SMT Vertical Socket,BG306-02-A-2-0400-L-G,9,-92.5,255,73,Low,175,
271,6ff1qc3h9gks4bd9mkg6031zkz,ARM® Cortex®-M0 series Microcontroller IC 32-Bit Single-Core 48MHz 128KB (128K x 8) FLASH 64-LQFP (10x10),,0,-150,0,340,Low - not enough data,-347,
272,4ztvd93h2ej5e82c48dr6taav2,ZX Series 5 Position Through Hole Wire to Board Right Angle Male Receptacle,ZX62D-B-5P8(30),8,-36,0,184,Low - not enough data,-191,
273,61vxynfzxghe293v32mghpbygz,BallisticGel CW521 REV. 04 ( TESTED),,12,-3.583333333,64.44444444,35,Low,186.3333333,
274,8yfp7w8v0tjwkam7fcwxcaagb6,"LED, 5MM, Red",TLHR5400,52,-25,0,95,Low - not enough data,-7,
275,74w6b0ehzjjxe9f8qyxqh1bjnz,"18-8 Stainless Steel Socket Head Screw, 6-32 Thread Size, 5/16"" Long",92196A145,320,-80,0,212,Low - not enough data,-7,
276,8fdq6pmv0gjjh9bm28fjzkkpar,"IDE Cable, 6 Pin",Q14201980,368,-60.6375,13.26190476,6,Medium,72.57142857,
277,6ktzb7e5t6gvtby7bhz5kxge6r,"4.5-V to 17-V, 12-A synchronous buck converter with voltage scaling 24-HTSSOP -40 to 85",TPS56C20PWP,31,-50,0,328,Low - not enough data,-335,
278,51z6p6cn6ykkdaey2geaz1pm5k,INJECTION TIP LABEL 4MM/CW (BLACK),,69,-25,0,155,Low - not enough data,-7,
279,92wdfm0w2ykvrbyf2yzjx4r49p,Thumb Screw Kit For Metal D Sub Junction Shells For Round Cable,3341-7-KIT,99,-32.5,0,315,Low - not enough data,-7,
280,75arh5b62mhsk9ke5te3n1jyfe,CONN RCPT HSG 3POS 3.96MM,351560300,73,-1,0,325,Low - not enough data,-7,
281,6m69p0s4egja7bxa4feqbcm952,Cable Assembly 1.83m 22AWG USB Type A to DC Power 4 to 2 POS PL-PL,10-00240,9,-1.5,13,16,Medium,71,
282,55gw8msqxghq7991p5wrm41j2b,"Artix 7A100 FPGA Target - 100 mOhm, No VCC",,9,-3.583333333,30.66666667,64,Medium,54.33333333,
283,97esv7vrb6kyb9qsjksk4cc8en,BROWN BOX,,65,-3,0,323,Low - not enough data,-7,
284,8hwgs2awtmjgd8m1n83mapfhtx,Green Ø5 mm 50° 2.3 mcd Diffused 1.8 V Domed Solid State LED Lamp - T-1 3/4,4300H5LC,50,-50,0,95,Low - not enough data,-7,
285,6r1rrt4kxyhzga4ftfteqs2mpg,CW308 UFO Board Tested w/ XMEGA Target (TESTED),,0,-23.17083333,10.21168831,7,High - overdue for batch,-4,
286,6h6dpdnjm8g48awrmx6n7fyph5,Res Thick Film 1206 0.1 Ohm 1% 1/2W ±100ppm/°C Molded SMD SMD Paper T/R,CSR1206FKR100,46,-3,0,95,Low - not enough data,-7,
287,b7qk84fcxegbkb4g24s7xren56,"MCX to BNC Cable, 15cm (12"")",,322,-38.87708333,15.23833333,14,Low,114.9066667,
288,9g5v5b0jv4h3h8abtqjjchnz3x,"double sided 3.5 x 17"" Chipwhispere Lite 32-bit edition quick guide",,991,-68.63809524,10.22222222,84,Low,136.1111111,
289,79qwwbyhmpkyz8r10c9qyc5km9,"16 X 16 X22"" CORRUGATED BOXES",S-20483,22,-14,0,323,Low - not enough data,-7,
290,8kq57wt2zpk62bhgw9pf68evs3,FIXED IND 6UH 2.5A 22 MOHM TH,744710603,62,-19.44444444,132,72,Low,389,
291,6r3v2rnqgch60akwzm0wdnhmhj,Test Point MultiPurpose THM .445 L .125OD Heat Resistant Nylon 46 Red,5010,25,-15,0,16,Low - not enough data,-7,
292,6vg5gyjwzmh388y1yzytj3dn49,5x CW312 Breakout/Adapter PCBs,,0,-1,0,291,Low - not enough data,-298,
293,5bk89rrsmjjcq8p1ss9x4ab8c2,"Screws for Plastic, Zinc-Plated Steel, Number 4 Size, 1/4"" Long PK 100",90380A106,925,-288.2813853,12.93333333,43,Medium,31.8,
294,9rgf7fmy3jgreae6wr9a2w3zfd,"Stainless Steel Flat Head Thread-Forming Screws for Plastic, Phillips Drive, Number 4 Screw Size, 3/4"" Long",,112,-144,0,65,Low - not enough data,-72,
295,6w7swhebfggkf8rhp1s9v3t3wt,RC_L Series 0603 10 kO ±1% 0.1 W ±100 ppm/°C Thick Film Chip Resistor,RC0603FR-0710KL,4114,-107.6313725,16.91666667,10,Low,635.8333333,
296,5dq1gakkhjg7h8xj16berhmdz8,"Artix Socket FPGA Target - 100 mOhm, No VCC",,0,-1,0,212,Low - not enough data,-219,
297,5myfdc8hwaknr89rt9mf0carep,FPGA - Field Programmable Gate Array XC6SLX9-3TQG144C,XC6SLX9-3TQG144C,270,-200,0,169,Low - not enough data,-7,
298,bjjvjfp0xejy3acvmkgw8hd0wp,"Res, 20M, 5%, 0.5W, 2010 Rohs Compliant: Yes",HV732HTTE206J,417,-50,0,73,Low - not enough data,-7,
299,5myrj3xm84kb8bct3jsvv7w5r0,Conn Unshrouded Header HDR 4 POS 2.54mm Solder ST Top Entry Thru-Hole BergStik® Bulk,68000-204HLF,69,-28.53333333,154.5,16,Low,302,
300,70mfqza51mgtma3kb3hgv14rjy,DMP2123LQ Series 20 V 3 A P-Channel Enhancement Mode Transistor - SOT-23-3,DMP2123LQ-7,938,-50,0,330,Low - not enough data,-7,
301,bmzpmt4m8ghxhbd1ht15nvhqcz,Res Thick Film 0805 1 Ohm 1% 0.33W ±200ppm/°C Molded SMD Punched Carrier T/R,ERJ-6BQF1R0V,688,-56,7,8,Medium,77,
302,9484qtn9fghcwbjheess7a70b4,Chipshover case label,,11,-9,0,204,Low - not enough data,-7,
303,5jgf9q81dmkdgbxe1zsfzaebgn,75869 Series 6 Position (2 x 3) 2.54 mm Vertical Shrouded 4 Wall Male Pin Header,75869-131LF,332,-91.73333333,14.44,8,Medium,36.32,
304,5n0p00eavehmvbag4q6afhz3rd,UFO TARGET CW312T-K82F,,113,-9.916666667,18.85714286,174,Low,200.4285714,
305,74zkn6qfkrkd9b88xtsfrw6gz4,CAP CER 680PF 50V NP0 0402,C0402C681J5GAC7867,2086,-108,28,106,Low,525,
306,5n8s2rsapahb0ak2d0k9yhnej6,TRANSFORMERS AUDIO & SIGNAL,ATB322524-0110-T000,1640,-123.5,257,73,Low,3334,
307,786dfyga6chr4b749xe4de5qt0,"Kinetis K82: 150MHz Cortex-M4F Secure MCU, 256KB Flash, 256KB SRAM, Full-Speed USB, 100-LQFP",MK82FN256VLL15,161,-60.8,33.5,193,Medium,60,
308,bsz73899jrh5cav1zh67vzftdv,PCIe Gen4 support ultra-low power clock generator with four programmable outputs & EEPROM 24-VQFN -40 to 85,CDCI6214RGET,507,-125,0,179,Low - not enough data,-7,
309,7x0e79qsx6kygbemzb4jcqdsfg,"4.5-V to 17-V, 12-A synchronous buck converter with voltage scaling 24-HTSSOP -40 to 85",TPS56C20PWPR,455,-25,0,63,Low - not enough data,-7,
310,5nvyvqdk76hjy9azde8vka1b0m,Ceramic capacitor SMD 1206 100 µF 6.3 V 20 % Murata GRM31CR60J107ME39L 2000 pc(s),GRM31CR60J107ME39L,1277,-400,0,63,Low - not enough data,-7,
311,7ad76v07c0k8gab0fxbgcn58fx,"H-Probe Blank PCB, 15mm",,174,-63,0,115,Low - not enough data,-7,
312,bvdz69gaxghyx9aqqagjggdmz5,Development Boards & Kits - ARM STM32F4 w/ Hardware Crypto Target for CW308 (TESTED),,1,-4.378571429,46.88888889,27,High,12,
313,a6945kdr1yj9kat99bz6y0p4y8,Development Boards & Kits - ARM STM32F4 w/ Hardware Crypto Target for CW308 (TESTED)  ....AUTO,,0,-1,0,157,Low - not enough data,-164,
314,82f4qaxbxejq4axgxe2tmvm17k,"RA Plug, Cable 150mm, Teflon Coaxial Cable O.D. 1.13mm, UMC LP Series",415-0086-150,44,-21.94444444,28.03809524,35,Medium,49.07619048,
315,7aghavj8cmgvnbqy72scrz80v1,Anti-Static Control Products BOX W/FOAM 2.9 X.63,57002,14,-14.85714286,31.88888889,35,High - overdue for batch,-10,
316,bvfej71vycg80a7yw978fmhz6e,"USB Cable: A-Micro B, w/Ferrite, 3 foot",(5457)/(39910)/(39909),147,-34.91961722,6.664603175,6,High,19.6584127,
317,a879wev16yg5c9p5bnq61gmmmm,4MM/CCW,,0,-7.936538462,20.14880952,22,High - overdue for batch,-8,
318,82fw0fazjek5saddhsxvv3n3gn,PCA: ChipSHOUTER,,8,-1,0,328,Low - not enough data,-7,
319,9e3mqatkqjh0manq9xvagp0044,"P36-015-005-C 1.5X5 , 301 SS METRIC",91610A106,248,-21.93333333,60,35,Low,653,
320,5wzvq8ywjgh0mbeycwbz1dp57k,Front-Panel Label,,57,-1,0,325,Low - not enough data,-7,
321,5y5kw9fneehx0aw41s5fqphbhb,PSU,,31,-1.5,45,283,Low,893,
322,7dv4evmzvmj1aapx5meh3jvn48,Trans IGBT Chip N-CH 600V 30A 250000mW Automotive 3-Pin(2+Tab) DPAK T/R,IKD15N60RATMA1,2,-100,0,73,Low - not enough data,-80,
323,aax7560a1chcnbsmb25x6vchm7,CWHUSKY 7A35 UNITS (TESTED GOOD),,1,-2.222222222,102.5,146,High - overdue for batch,-50,
324,5x2r058gy4hkhab5cct4xy53m8,"Connector Header, GH Series, 8 Position, 1.25mm, 30-26 AWG, 50V, Surface Mount, Right Angle, Solder, Locking Ramp",SM08B-GHS-TB(LF)(SN),0,-10,0,287,Low - not enough data,-294,
325,c03b9akvx4jgnb4ptqat8hg7ef,Heatsink 29X18MM Diagonal Plastic Push Pin | Wakefield 960-29-18-D-AB-0,960-29-18-D-AB-0,20,-2.625,33,64,Low,224,
326,8qzg097j8ghrwaehqrkgyqksbm,CHIPSHOVER (BLACK PCB),,5,-10,0,287,Low - not enough data,-294,
327,9pt0hyvaqyhheabt1ft3kfdd68,UFO TARGET EFR32MG21A TESTED(SOCKET),,5,-1.15,122,27,Low,481,
328,acdty1k64ck3eapkrk4zyh7qc3,BGA socket for OT chip 0.5mm 9x9 BGA pattern,718-SW08105-508-B1,4,-3.916666667,32.8,80,High,25.8,
329,9r8qra05xejgj9bqyzmecyyzj5,"Murata GRM 47¦ÌF ¡À20% X5Rµç½éÖÊ 6.3 V Ö±Á÷ SMD ¶à²ãÌÕ´ÉµçÈÝÆ÷, Íâ¿Ç³ß´ç0805",GRM21BR60J476ME15L,300,-64,0,133,Low - not enough data,-7,
330,66w32ayjxrgsq8886v11v16rap,1MM/CCW COIL,,42,-41.75,63.33333333,155,Medium,56.33333333,
331,7jm2eza8crksxa5g02s5bdb1cd,"18-8 Stainless Steel Hex Nut, 2-56 Thread Size",91841A003,135,-28.79365079,13.30555556,57,Medium,46.22222222,
332,c99xag7e3wkzw8qat6g49mencs,979 Series 9 Position Zinc Nickel Plating Top Entry D-Sub Backshell Kit,979-009-030R121,21,-12,5,315,High - overdue for batch,-2,
333,90x7pp5eb0kyraa3pvv8fjyhzd,"18-8 Stainless Steel Socket Head Screw, 2-56 Thread Size, 7/16"" Long",92196A082,244,-18.44444444,19.73333333,57,Low,249.5333333,
334,9xce3jzbjmhts8cdn683s7yn17,SONATA  QUICK REFERENCE GUIDE,,118,-29,0,29,Low - not enough data,-7,
335,695fetpy6aghx97k9ewwabpq86,TVS Diode Array WE-TVS 6-Ch+VDD 5V MSOP8,82401646,136,-16,0,43,Low - not enough data,-7,
336,a7m0551aptj3q8as5dvgdqphgz,Conn Shrouded Header (4 Sides) HDR 40 POS 1.27mm Solder ST Top Entry SMD Tube,SHF-120-01-L-D-SM,35,-15,0,58,Low - not enough data,-7,
337,6d3hv04n3rgm984g8qbxrmw8z9,UFO TARGET K82F TESTED,,41,-1,0,18,Low - not enough data,-7,
338,6k8gqssc00jnvaa0yk6zvsm88t,MCU 32-Bit SAM4L ARM Cortex M4 RISC 128KB Flash 1.8V/3.3V 48-Pin TQFP T/R - Tape and Reel,ATSAM4LC2AA-AUR,1,-39.5,104,198,High - overdue for batch,-101,
339,7tzmgwzqfjkmq9ek0mfpj93pb4,Interface Development Tools CANoodler CAN to 3.3V Interface,,46,-5.777777778,110,107,Low,763,
340,93fswg3z1yhed9d52acb4hda9h,PCB for CW308T-EFR32MG21-02,,0,-47,37.66666667,196,High - overdue for batch,-165,
341,7wkbv2ye96jez96z6tka0ste1e,HEATSINK 35MM x 35MM x 10MM R-TAB CP,ATS-CPX035035010-175-C2-R0,6,-18.66666667,224,57,Low,160,
342,6h9br2qkc6hqg9s6zp4ya1nkx2,Cap Ceramic 0.1uF 50V X7R 10% SMD 0603 125°C Cardboard T/R,CL10B104KB8NFNC,11587,-240.2236025,40.7020202,10,Low,1946.69697,
343,7w4syj01rwgg5bszcs26x4b8jq,"Bidir Volt Lvl Translator, -40To85Deg C Rohs Compliant: Yes",PI4ULS5V201TAEX,406,-37.33333333,3.5,8,High,28,
344,adjfw1y2cahgybtr98x0tmvpe2,Advanced Breakout  UNTESTED,,0,-149,0,155,Low - not enough data,-162,
345,6vjpx24kx2h0z9c4qj4bpyp6mw,1MM/CCW,,6,-8.644230769,21.34920635,35,High - overdue for batch,-20,
346,968xj30w6ahp8acy6vg9ez78qe,Hammond MAROON CASE (TEMPORARY) replacement,,58,-42,0,65,Low - not enough data,-7,
347,ae944y9ywtj6cbjd98tkser92n,"General Purpose Inductor, 2.2uH, 20%, 1 Element, Composite-Core, SMD, 4439",XAL1060-222MEC,0,-50,0,63,Low - not enough data,-70,
348,7zz5ratk5jher87cjg17ygbkrm,Contact SKT 16 Size Press Fit ST Thru-Hole Bulk,0273-0-15-15-16-27-10-0,450,-284.25,118.5,91,Low,111.5,
349,6q6mc09egcjg79q5p9t35x0m1n,"RF/COAXIAL ADAPTER, SMA PLUG-SMB PLUG; Connector Type:Inter Series Coaxial; Body",72976,15,-8.533333333,17.55555556,35,High,10.55555556,
350,741ywgqfagj3c8300sa3af50dh,"USB, USPlug Type",,4,-1,0,329,Low - not enough data,-7,
351,96fhtayzp2kycb5adgd1am5qpw,Test Point; Black; Thru-Hole; Snap-Fit; SilverPlate; 0.063in. Dia.; 0.445In.,5011,200,-25.86666667,24.11666667,8,Low,161.8166667,
352,ahpkxw6rg4j9tbsmbjcvb0fcax,"SMA Filter - Low-Pass, 20 MHz",,1,-13,0,29,Low - not enough data,-36,
353,82frktmrkmhgjasmcqthkxk0gr,Cable lug; Circular; M3 Stud; Crimp; 14-18 AWG; Non-Insulated; Copper,3240076,61,-22.26666667,60,35,Low,113,
354,cf7m9j5494kv7ay50wp81wa1bd,19V/3.4A POWER ADAPTER MODIFIED,,12,-11.95555556,13.2,129,High,6.2,
355,8353fne5h2kv8a3a6kze30vz3q,Res Thick Film 1.6 x 0.8 mm 68K Ohm 1% 0.1W(1/10W) 100ppm/ C Molded SMD Paper T/R,RC0603FR-0768KL,3757,-81,52,198,Low,2385,
356,chn2pqndtjhhh9addq0rx0p8dy,19V/3.4A POWER ADAPTER,,130,-19.7047619,41.33333333,35,Low,241,
357,9ce3abwws0htsa7wbajmm9rgy3,Res Thick Film 1.6 x 0.8 mm 27 Ohm 1% 0.1W(1/10W) 100ppm/ C Molded SMD Paper T/R,RC0603FR-0727RL,3616,-144,0,184,Low - not enough data,-7,
358,751r92pjj4jkxaqf8vbdyk283j,Switch Tactile N.O. SPST Round Button J-Bend 0.05A 32VDC 1VA 3.9N SMD Automotive T/R,KSC741JLFS,138,-25.75,25.53333333,35,Low,120.6666667,
359,7dddaf7mzghkb8ad1akhxqvknr,Backshell Kit 90° E Shell Size Nickel Over Copper Zinc Alloy Die Cast,981-009-130R121,0,-19.5,5,315,High - overdue for batch,-317,
360,8c8akmedmcjedby3tare5n28w1,PhyWhisperer-USB Belly (Bottom) Label - needs date code update when reprint(!),,58,-42,0,65,Low - not enough data,-7,
361,bkxtn9dzz6hw7a66taenfkrtz7,Daughter Cards & OEM Boards Aurix TriCore TC233LP Target for CW308,,48,-2,0,169,Low - not enough data,-7,
362,9ch49tdxfwhxwb96gg90hv5qdb,INJECTION TIP LABEL 4MM/CCW (RED),,71,-25,0,155,Low - not enough data,-7,
363,85fjyfc3x2j9x8cenq8t4be8qe,Oscilloscope Probe CP-2100; Probe Type Passive 100MHz 1x; 10x 300; 600V,CP-2100,0,-60,0,359,Low - not enough data,-366,
364,crffhsbckajvc9dg4wndtjf8bt,LAN8720A Series 3.6 V Small Footprint RMII 10/100 Ethernet Transceiver - VQFN-24,LAN8720AI-CP-TR,296,-469,0,329,Low - not enough data,-336,
365,as7pg5dsyjj7b8h6b75fyzb36t,Sleeve cover of CWHUSKY kit,,199,-36.54017857,22.06666667,14,Low,103.3333333,
366,7h9h6eps4rgqy904wbg5y3chcc,"SMD Chip Resistor, 110 Ohm, ± 1%, 125 mW, 0805 [2012 Metric], Thick Film, Precision",ERJ-6ENF1100V,968,-32,0,43,Low - not enough data,-7,
367,bp9rgtg1d0jpfav11xcwpryxyy,"Artix 7A35 FPGA Target - 500 mOhm, No VCC",,0,-1,173,95,Medium,71,
368,9jgdc3wfcgjr1bk5nw3ss53nsh,ChipWhisperer-Lite Assembly (XMEGA),,64,-32,42,56,Medium,77,
369,at20fvdyrjh28985e9eh1fkfce,Side Channel & Glitching Starter Pack Level 2,,4,-3,0,7,Low - not enough data,-7,
370,880tnx77sjk05awbpse6j20mr7,Res Thick Film 1206 0.5 Ohm 1% 1/2W ±100ppm/°C Molded SMD SMD Paper T/R,CSR1206FKR500,86,-3.5,216,95,Low,5177,
371,7k4q7rvb1tgs5a85ww99dyvkvw,"Ic, Lm2903pwr, Dual Differential Comparators/Linear<Az",LM2903PWR,238,-54,9.333333333,106,Medium,30.33333333,
372,7kttn9edeyhxs8sy670gjgsmck,XC7A35T SLEEVE COVER,,19,-6.958333333,9.666666667,65,High,12.33333333,
373,ct8pvmb38pgkcb33k6vq7b5wac,SLEEVE COVER CW305 ARTIX FPGA XC7A100T,,121,-19.33333333,15.1,44,Medium,83.6,
374,bzcxybz2k8jncbggvdgsv9vvam,CWHUSKY TOP LABEL,,138,-102.6458333,35.71428571,41,High,28.71428571,
375,9jp63r7z0ek1yam46esg6fgjc7,"18-8 Stainless Steel Socket Head Screw, 4-40 Thread Size, 3/4"" Long",92196A113,118,-18.88888889,135,57,Low,803,
376,c2364h6kpmjba9db6b1zhvnx8s,MCU 32-bit SAM4S ARM Cortex M4 RISC 1024KB Flash 1.8V/2.5V/3.3V 64-Pin QFN EP,ATSAM4S16BA-MUR,1,-750,0,328,Low - not enough data,-335,
377,9kx8a81rkyg3gaa6y506wb2bbc,SHF - Samtec 1.27mm Shrouded Terminal / Header Strip,SHF-120-01-L-D-SM-K-TR,5,-4,0,282,Low - not enough data,-7,
378,axe8w2b5j0hcyaryzwqmbx7kgv,Post Shunt; 2; 3; 1000; Phosphor Bronze; Gold over Nickel; Open Top; Black,881545-2,225,-150,1,93,High - overdue for batch,-6,
379,94npzbvdwmg4q8n76sb0a90xt7,LED Uni-Color Super Red 645nm Automotive 2-Pin SMD T/R,LSA676-P2S1-1-Z,3713,-2,0,325,Low - not enough data,-7,
380,d25bmt092gg0m83ygmqdg6af8x,XMEGA LiteTarget (UNTESTED),,28,-26.23611111,61,66,Medium,54,
381,c75w20cs62hk29mv9shhed41ad,Conn USB 2.0 Type C RCP 24 POS 0.3mm/0.5mm Solder RA SMD 24 Terminal 1 Port T/R,USB4105-GF-A,678,-3,24,217,Low,5417,
382,9nz7wrcbsjgnn91ddnrhgea5ta,Chipshouter test equipment interface kit,,32,-15.02777778,31.6,35,Medium,56.2,
383,ayq1pvenhyj84a3rh8rn3v9ndr,CW340 KIT (INNER LABEL),,34,-9.666666667,112,57,Low,329,
384,9p9z1tdr66g628cd6xxkqywdtb,SPI boards,,18,-14,0,328,Low - not enough data,-7,
385,az4q6qcyvtkg38g01cf4c4yq7v,Res Thick Film 1.6 x 0.8 mm 30K Ohm 1% 0.1W(1/10W) 100ppm/ C Molded SMD Paper T/R,RC0603FR-0730KL,4500,-500,0,331,Low - not enough data,-7,
386,7wvd3x9c4gj4kab65b81vnv257,GTL2003 Series I2C 8-Bit Bidirectional Low Voltage Translator - TSSOP - 20,"GTL2003PW,118",4,-6,0,326,Low - not enough data,-333,
387,9b0jyr9r4whvf89shxdaxkzj85,AC Power Cords AC Power Cord - US - Three Wire - C5,AC30MNA,12,-11.875,63.88888889,35,Medium,56.88888889,
388,dbsqsanc8pjgvae9r0yywfmexe,#4-40 Thread Stainless Steel Hex Nut,Mar-48,19,-50,0,211,Low - not enough data,-218,
389,c9e9mtj8rrjyham9crq5zckn24,Digital Isolator CMOS 3-CH 150Mbps Automotive Medical 16-Pin SOIC W Tube,SI8631BB-B-IS,0,-1,0,183,Low - not enough data,-190,
390,9q8mw58mwygvw8bvfz8fn13s3k,CHIPSHOUTER LABEL TOP ENCLOSURE,,92,-17.33333333,68.22222222,35,Low,334.1111111,
391,7xbfhq1tc8gz0a9npya4mstz7n,"Multilayer Ceramic Capacitor, 2400 pF, 50 V, ± 5%, C0G (NP0), 0603 [1608 Metric]",GRM1885C1H242JA01D,950,-50,0,63,Low - not enough data,-7,
392,9b1m37t8cthmt8xdhkqha97vd2,Heat Sinks HEATSINK 23X23MM DIAGONAL PLASTIC PUSH PIN,960-23-23-D-AB-0,0,-6.422222222,14.25,168,High - overdue for batch,-160,
393,9t78pkcymagmtb1qs85vddev9p,20-Pin to CW312 Target board support,,0,-22.42878788,11.07647908,14,High - overdue for batch,-9,
394,b4rkhhknwjjys96bw7gzsa8mr8,PULL TAB LOOP 20POS SOCKET CONN,5088450-5,83,-7,0,287,Low - not enough data,-7,
395,84skx4mw14h5q950ecpv20n8rw,"Power inductor, shielded, 20% tol, SMT, RoHS",MLC1565-732MLB,0,-18,0,63,Low - not enough data,-70,
396,9cgv04nqwghmta2k7rbyfyb3jn,PCB UFO Target ESP32 PCB,,0,-32,0,105,Low - not enough data,-112,
397,9ventzqkt6kbtax169bhd40f3g,Inductor Power Shielded Wirewound 4.7uH 20% 100KHz Ferrite 3A 40.3mOhm DCR 2424 T/R,NR6028T4R7M,692,-4,0,328,Low - not enough data,-7,
398,9dqwbn0jwthnsb986ym3029t3x,Single-Bit Dual-Supply Bus Transceiver with Configurable Voltage Translation and 3-State Outputs 6-SOT-23 -40 to 85,SN74LVC1T45DBVT,28,-37.33333333,3.5,8,High - overdue for batch,-11,
399,a3q58d97faj0tbbk7yvp5h4ct1,"18-8 Stainless Steel Low-Profile Socket Head Screws with Hex Drive, M3 x 0.5 mm Thread, 20 mm Long",92855A319,140,-14,49,64,Low,483,
400,89wrtymtarg6ta239ws48hk15k,Board Mount EMI Enclosures RF Absorber CRS Tin SMD,BMI-S-202-C,110,-17.36481481,19.12037037,44,Low,107.7222222,
401,drx8c2nffmhhh935be2zx0mw6r,CBL 9COND 22AWG SHLD 5M MPPE,30-01518,0,-1,0,315,Low - not enough data,-322,
402,a6qct6x6v4kmpaadrbzdyk5eav,ChipWhisperer-Lite Assembly ARM Target (UNTESTED),,126,-62.55555556,25.16666667,99,Medium,43.33333333,
403,8g7mychjcyg2ybw6zhekamypd9,"UFO Target, MPC5748G UNTESTED",,6,-1,0,143,Low - not enough data,-7,
404,aarj4rpaktj3gb0s2znd12sj07,Electromechanical Relay 24VDC 2.504KOhm 1A SPST-NO (10.6x8.4x4.5)mm SMD Signal Relay,G6L-1F-DC24,220,-3,0,328,Low - not enough data,-7,
405,8meh0yz08cgbj98nfkkfefcncp,"Connector Housing, GH Series, 8 Position, 1.25mm, Free Hanging, Crimp, Latch Lock, Natural",GHR-08V-S,5,-20,0,287,Low - not enough data,-294,
406,ac3mbgdth2kmk9c3et59415am4,RC Series 0603 0.1 W 1 kOhms 1% ±100 ppm/°C SMT Thick Film Chip Resistor,RC0603FR-071KL,2362,-351.8,31,73,Low,179,
407,8q1heprc28h4tabaej79fh2gsv,N-Channel 850 V 50 A 105 mOhm SMT X-Class HiPerFET Power Mosfet - TO-268,IXFT50N85XHV,155,-2,0,328,Low - not enough data,-7,
408,9qjbc7rbngh46acy8fbkwmyp13,Driver Power Cable,,37,-16.5,113,212,Low,219,
409,8yg26h8274hjram9k2sb2vg6hk,"Metal Film Resistor 51 OHM, 250mW",CF14JT51R0,1720,-250,0,95,Low - not enough data,-7,
410,cyxhw1wfb4g4k8mn084njj4xrw,FERRITE THICKER (4MM/CCW & 4MM/CW),,1470,-200,0,345,Low - not enough data,-7,
411,ah2h11bg8mhj79wf5e29m1x00f,Green 3 mm 60° Tinted Diffused 12.6 mcd 2.1 V LED Through Hole,LTL-4231N,50,-8,0,328,Low - not enough data,-7,
412,d0w8966tbcgj080rv4h29058sk,"USB Type-A to Micro Type-B 2.0 Cable - 5-Pin, 28/28AWG, Black, 1.5ft",5137,145,-36.44444444,131.5,72,Low,387.5,
413,9yh4wypv4phas8fxjhmxhb89wm,"Power inductor, shielded, 20% tol, SMT, RoHS, halogen f",XAL7070-122MEC,30,-12,0,58,Low - not enough data,-7,
414,a00vqnzbjmg92amkypgta68qv8,Capacitor: ceramic; MLCC; 22uF; 10V; X5R; ±20%; SMD; 0805,LMK212BBJ226MG-T,424,-75,0,63,Low - not enough data,-7,
415,94mfbfk2k0h77928emdkg2n8t3,10V 47uF X5R 卤20% 1210 Multilayer Ceramic Capacitors MLCC - SMD/SMT ROHS,C3225X5R1A476M250AC,754,-236,0,62,Low - not enough data,-7,
416,ak8een6kvrjm996nbg3g2q5cgd,"Artix 7A35 FPGA Target - 250 mOhm, No VCC",,0,-1.833333333,257,95,Low,155,
417,8vm186t958gkxbzf357q3my11x,UFO Target board (TESTED),,0,-3.166666667,229,95,Low,127,
418,a6ztnm9smrkye8kfk0mdgyq4xb,"100 5"" Red Female Jumpers",920-0183-01,229,-23.05,18.2,6,Low,156.8,
419,d9x0hd66njjek9pms70en3jcpg,Res Thick Film 1.6 x 0.8 mm 1.5K Ohm 1% 0.1W(1/10W) 100ppm/ C Molded SMD Paper T/R,RC0603FR-071K5L,4794,-111.4444444,119,63,Low,5110,
420,az6cmfmc9pgjzagpfx6ecyxfat,"Mainstream ARM Cortex-M0 Access line MCU with 128 Kbytes Flash, 48 MHz CPU and CEC functions",STM32F071RBT6,0,-100,0,106,Low - not enough data,-113,
421,b1yga3r6dakmaak1anypvb5xtq,1-Bit Bus Transceiver Translation SOT23,SN74LVC1T45DBVR,5310,-60,0,16,Low - not enough data,-7,
422,a08zasw2cmhcn9y3qa0vbf0ffj,LABEL  for NPCB-CW308T-CW312T,,108,-45.5,73,231,Low,139,
423,b906v6yf4mk8593krq7x1pnxdr,"Post Shunt, Novo, 2 Position, 2.54mm, Red, Pin Header",2-881545-2,892,-280.2984071,7.133571429,6,High,14.40071429,
424,99csxq4694jqzatxebe370477m,20'' SMA male to male cable,,698,-72.40994949,4.647142857,6,Medium,34.82428571,
425,ab2scpve24gspb0v9n6vrrgcn7,ChipWhisperer-Lite Assembly Capture Board ONLY (UNTESTED),,196,-42.88,19.75,10,Medium,72,
426,a1kg9scqrwgj8a3tsjynzqpv5m,Development Boards & Kits - ARM SAM4L Target for UFO (TESTED),,53,-5.416666667,44.33333333,174,Low,392,
427,dg22jnvnsekn4bw90jpgpspss0,"Artix-7 FPGA, 170 User I/Os, 0 GTP, 256-Ball BGA, Speed Grade 1, Commercial Grade, FTG256, RoHS",XC7A100T-1FTG256C,150,-50,0,179,Low - not enough data,-7,
428,dp70f4npk4gmz9ah49d5ggjsjw,lowRISC sticker for SONATA,,11,-37,23,112,High - overdue for batch,-96,
429,a6wt1868y6hndb0hqvemvfz3hg,ADAPTOR BNC PLUG TO SMB MALE;,ADP-SMBM-BNCM,12,-9.25,14.97883598,35,High,7.978835979,
430,e6q3gd7v2ckme9d8cm0mhttxsa,"Battery Holders, Contacts and Clips JACK",575-4,4,-20,0,16,Low - not enough data,-23,
431,e8dc9kgnkcjrk97h0rmezww28x,PROBE SET with Power Supply KIT SLEEVE COVER,,9,-13.875,26.66666667,65,High - overdue for batch,-45,
432,ab8bg7pfackhx991bzkf447r34,Advanced Breakout Board,,0,-31.98333333,71.66666667,13,Medium,51,
433,e92s134pb8h1maz05hptexkc74,Super Speed USB Controller USB 1.2/USB 2.0 5V/9V/12V/15V/18V T/R 24-Pin QFN EP,STUSB4500QTR,380,-5,0,330,Low - not enough data,-7,
434,e9p3r1b1d2hwtak366m9c5ec16,Internal Mount Screw Nickel Plated No. 2 x 0.19 in.,1551ATS100,213,-108.9861111,79,91,Medium,72,
435,ecvfpq3k02kjv89vkap99t44f7,LCD for CW1200 Front Panel,,210,-12.5,117,211,Low,1865,
436,enrahhm5tyk2f8nx2x0v3s0aqy,iCE40 (small FPGA) target,,904,-96.1,17.48333333,24,Low,150.35,
437,ew45h9ph9yjsyacs409yya37a2,Plug-In Adapter Single-OUT 19V 3.42A 90W,ADP-65JH HBAN,40,-19.86111111,52.64444444,35,Low,98.28888889,
438,ab6s8r354cj7t987p653n84kcd,glue with low temperature,7518A56,12,-6.5,0,35,Low - not enough data,-7,
439,8brk0bbr3mhwd8r01khavd4xwv,Artix Target XC7A35,,6,-1.18,55.83333333,18,Low,272.1666667,
440,9k5329ktapgxdaddj0f0z54nhn,LDO Regulator Pos 0.8V to 5V 0.3A 5-Pin TSOT T/R,ADP123AUJZ-R7,36,-18.66666667,224,58,Low,217,
441,ac3jtd51p4k649kq9k0y60q2et,IC RF AMP CATV 1MHZ-1GHZ SOT89,PHA-13LN+,71,-20,0,58,Low - not enough data,-7,
442,bbatnewxgjh9q9vyhdnv2dmzss,"E-Stop Pushbutton, 1NC, illuminated LED red, Solder/plug-in, Black Ind. ring | EAO 84-5221.2B20",84-5221.2B20,0,-5,0,212,Low - not enough data,-219,
443,8fa3g6jnk0gr8b5vj11s9w2aj6,MCU 32-Bit STM32 ARM Cortex M4 RISC 64KB Flash 2.5V/3.3V 32-Pin LQFP Tray,STM32F303K8T6,8,-51,0,185,Low - not enough data,-192,
444,af8pqh2gj6hk08ze338j2ww62d,ChipSHOUTER-Simple EMFI Target PCA TESTED,,15,-10.74603175,24.08888889,35,High,17.08888889,
445,9k6a1806jrk68a0fk9xzxz4628,1MM/CW COIL,,34,-50,190,155,High,28,
446,dy2p7a8z4yhst8h0kp6659tefg,Thrml Mgmt Access Thermal Pad Black 13W/m.K 4X10e6Ohm.cm Automotive,EYG-T3535A20A,146,-27.27777778,120.1666667,35,Low,593.8333333,
447,bkrpgs3caekmn988d011ra11md,"SMA Straight Plug to BNC Plug, 24"" (610mm), RG316 Cable, BNC 50 Ohm Series",415-0028-024,28,-14.0702381,7.316083916,6,High,0.316083916,
448,bcb8wyanmjgjnbabj8tsvm77fr,"SMA to BNC Adapter....( aliexpress).CONN ADAPT SMA PLUG TO BNC JACK (SMA M to BNC F"".)",29-3855,270,-55.01090909,10.88833333,6,Medium,36.55333333,
449,afvvn836r8gmg8k3yvt3q615jn,"300-mA, capacitor-free, low-IQ, low-dropout voltage regulator with enable 5-SOT-23 -40 to 125",TLV733285PDBVT,475,-1,0,329,Low - not enough data,-7,
450,fhhyw5q466jqj9cw7f6pwr32rs,CW340 bd. Rev 04,,2,-2,0,328,Low - not enough data,-7,
451,fqx604jf60g5majjj3x7fhcm7j,Test Point; Yellow; Thru-Hole; Snap-Fit; SilverPlate; 0.063in. Dia.; 0.35In.,5009,61,-52.5,0,16,Low - not enough data,-7,
452,b0p3c1tgb0hvwbw2qn2sbvycg6,Res Thick Film 0603 2.4K Ohm 1% 0.1W(1/10W) ±100ppm/C Pad SMD Automotive T/R,CRCW06032K40FKEA,2482,-304,0,91,Low - not enough data,-7,
453,anm9j21pfwk8vb7sed46warfk7,"APT1608QBC/D Blue LED, 465 nm 1608 (0603) Clear, Rectangle Lens SMD package",APT1608QBC/D,2113,-10,0,287,Low - not enough data,-7,
454,e3g7d5qjbyhmk9dxre8efpywcz,"connector, rf coaxial, sma in-series adapter, straight plug to jack, 50 ohm",132171,15,-12.39285714,33.88888889,35,High,26.88888889,
455,fvart7evpejpdb09athfhqd6r9,INJECTION TIP LABEL 1MM/CW (BLACK),,67,-25,0,155,Low - not enough data,-7,
456,bythr5y672gv29zgtv5f3pxxcp,Hook-up Wire 400R0111-20-9 Price Per Foot,400R0111-20-9,12,-12,150,35,Low,143,
457,bxb0f26fq0g7saqah8cswsg7dd,SLEEVE COVER CW305 ARTIX FPGA SOCKET,,23,-3,0,97,Low - not enough data,-7,
458,e6v32mvq1ekx1b17fg13ytdrsj,RF Connector SMA Straight Solder Plug for .141 Semi-Rigid 50 Ohm,132102,101,-200,0,155,Low - not enough data,-162,
459,c18enz8vtyjay88nzc08avrdnf,UFO TARGET CSP-02,,15,-1,0,328,Low - not enough data,-7,
460,cbc173836mgk4ae7awbd8tz4b1,ESD Suppressor TVS Bi-Dir 28V Automotive 2-Pin SOD-882 T/R,SP3130-01ETG,8,-12,0,326,Low - not enough data,-333,
461,93re7m6zyjj9pab0z9ndtq48x7,LIGHT PIPE PNL MNT 6.4MM LONG,PLP2-250,24,-30.5,114,211,High - overdue for batch,-104,
462,e8gwthf5qpg5pb0qjeb8qxf0gp,"Monoprice Stealth Charge & Sync USB 2.0 Type-C to Type-C Cable, Up to 3A/60W, 3ft, Black",38792,10,-28.94111953,7.116300366,28,High - overdue for batch,-27,
463,fycfp1z8trj1jaea31eve0d549,C11014M(REVB) - Customized 1455C1202 (ChipSHOUTER Enclosure),C11014M,9,-17.85714286,78.55555556,49,High,22,
464,c5c4fga2ewj1nafe00nch5rgex,20 Position Total Dual Row 2.54 mm Pitch Straight Male Shrouded Box Header,SBH11-PBPC-D10-ST-BK,61,-35.02777778,34.88888889,95,High,27.88888889,
465,cdrp5fyqxtjj8aht6a8yzw9jj5,Insulated Ferrule 8C Smoke Gray Copper/Tin-Plated Contact Steel Insulation 1000 Bag,3-747579-2,14,-12.5,0,314,Low - not enough data,-7,
466,aqs7txzj8ek0y8bhx6e98k47n7,CP-2100-MODIFIED oscilloscope cable,,1291,-40.18055556,33.55555556,35,Low,1066.777778,
467,aw6v8mycs4k9e8ywceskptpsd9,"double sided 3.5 x 17"" Chipwhispere Lite 8-bit edition quick guide",,13,-21,0,56,Low - not enough data,-63,
468,ba231baf0egpwantm9c2vvhyx1,"Usb C 2.0 To Usb A, 6""   (BLACK)",DH-20M50054,78,-21,0,65,Low - not enough data,-7,
469,9ade6m2t2mhp48e4hhktkrn5x9,"Board Connector, 4 Contact(s), 1 Row(s), Female, Straight, Solder Terminal, Socket",801-87-004-10-001101,125,-2,0,326,Low - not enough data,-7,
470,awer91xv34h3297vma7k2nt57j,ChipWhisperer-Lite Assembly Capture Board ONLY ( (TESTED),,0,-23.9,25.775,10,High,8,
471,eee93yhxv0hvkbrzawzqd5maa4,"BROWN BOX 14X14X6""",,21,-11,0,323,Low - not enough data,-7,
472,axc414pxqyhcr93fr6k2mfj8cs,BLACK BOX (PROTEKTIVE PAK): PROTECTIVE PACK,37052,93,-17.73611111,10.5124183,35,Medium,45.5620915,
473,eh88dse20ah189edv6w7hwp36n,USB 2.0 Male To Type-C Adapter Female Converter Adapter,DL184823,451,-32.73863636,6.671033903,14,Medium,79.72344073,
474,bk8g8vxegjkbb9jxnfpk9hp0ff,Cable Assemblies; Smb Straight Plug to Smb Straight Plug; Rg 316; 36 Inches,145101-01-36.00,2,-9.435185185,15.3422619,35,High - overdue for batch,-26,
475,9gx029ravyg4gab8kpt23vqy3z,Fuse Blade Fast Acting 2A 32V Holder QuickConnect 10.9 X 3.8 X 8.8mm Polyamide 66 UL,0297002.WXNV,40,-4,56.5,212,Low,558,
476,aa3ba57c2ch1kb1q6p2cpdrng3,"Tubing, Heat Shrink, Adhesive Lined, Flame Retardant, Blk Polyolefin, 48"" L",Q5-3X-3/4-01-QB48IN-5,0,-3,0,315,Low - not enough data,-322,
477,aays0a58fghnh9ksv6mpmkz61r,Res Thick Film 1.0 x 0.5 mm 330 Ohm 1% 0.063W(1/16W) 100ppm/ C Molded SMD Paper T/R,RC0402FR-07330RL,7000,-915,0,331,Low - not enough data,-7,
478,bqdk20c2syh3xawmhhwkzjk4nn,"Surface Mount Thick Film Resistor, RC Series, 330 ohm, 100 mW, - 1%, 50 V, 0603 [1608 Metric]",RC0603FR-07330RL,2110,-139.15,12.13333333,8,Low,175,
479,ct92sd9b30g4c905f804wqn4fh,Knob for ChipShover-One,,12,-10,0,212,Low - not enough data,-7,
480,9mtqb9xdsghc5b92wnp83qswcs,SAM3X Series 512 kB Flash 96 kB SRAM 84 MHz 32-Bit Microcontroller - LQFP-144,ATSAM3X8EA-AU,309,-1,0,328,Low - not enough data,-7,
481,b37h7jjpfjketa7wg79xy8kdfb,"INTERCHANGEABLE AC INPUT PLUG, BLK, USA",ACM PLUG US,5,-9.055555556,16.02916667,57,High - overdue for batch,-47,
482,ezhtjzy5y8k7yb0rz842mejahs,PCB UFO Target SAM4L REV.2 PCB,,0,-100,104,198,High - overdue for batch,-101,
483,br96p4pdfckyc847bceyt6s5fg,Res Thin Film 0207(2309) 820K Ohm 1% 1W ±50ppm/C Sulfur Resistant Melf Pad SMD T/R,MMB0207MC8203FB200,2344,-1767,0,328,Low - not enough data,-7,
484,czqthszharjmh9gf2zedpa8vvh,CAP CER 4.7UF 50V X5R 0805,C2012X5R1H475K125AB,1248,-100,0,73,Low - not enough data,-7,
485,9r62g07ab0kdva12wyybazrh8p,CW503 Probe Power Supply TESTED,,7,-17.16666667,10.4,6,High - overdue for batch,-3,
486,b7fseqng3wgdeag3rn7rg6ywxt,OUTSIDE BOX LABEL,,166,-21,0,65,Low - not enough data,-7,
487,bzf77fx6stg0w86xqk5r85gx9m,CONN HEADER VERT 40POS 2.54MM,PRPC020DABN-RC,88,-17.91666667,19.70899471,44,Medium,71.83597884,
488,cze4wy8pp4h73844aa7778hsev,Cap Ceramic 0.1uF 50V Z5U 20% Radial 2.54mm 85 C T/R,1C10Z5U104M050R,750,-250,0,95,Low - not enough data,-7,
489,d0ffcs8sz6h9j9g5z2pew77yyx,CONN D-SUB HOUSING RCPT 9POS,205203-8,0,-32.5,5,315,High - overdue for batch,-317,
490,c47sq4t17tkbz9h0vfzjy05gc4,SRAM Chip Async Single 1.8V 8M-bit 512K x 16 55ns 44-Pin TSOP-II,IS62WV51216EALL-55TLI,88,-18.66666667,224,58,Low,889,
491,d0py396xdeg9gbxp2hg3t5b9aw,UFO Target CEC1702 TESTED,,6,-2,91.66666667,52,Low,268,
492,f9jqazzvc2jtda7g75z83k1qd2,CAP TACTILE OVAL RED,BTNK0340,21,-17.69444444,43.02222222,35,Medium,36.02222222,
493,d42apdt1a0gf8bzj8wata36em4,"Joystick encoder with push-on switch, 8direction output | Nidec Components CJ25-82010",CJ25-82010,0,-5,0,212,Low - not enough data,-219,
494,9w1yyeyjggkbz9r38y85y9ppqr,,UUD1A151MCL,69,-1,0,329,Low - not enough data,-7,
495,b01vptrfk0h7hbajbmq711khvq,Single N-Channel 30 V 200 mOhm 650 mW Silicon Surface Mount Mosfet - SOT-23,DMN3200U-7,4184,-30,0,325,Low - not enough data,-7,
496,fehatjpg5rjyj8zkm9t8xss5k7,,,169,-15,0,325,Low - not enough data,-7,
497,cacqg5sv6yhfkacx6cm8e1r3fw,SM4005PL Series 600 V 1 A Surface Mount Silicon Rectifier - SOD-123F,SM4005PL-TP,98,-366.8333333,257,73,Low,177,
498,9wphe2g4g2k3e8xtt3mryzf513,"PROTOBOARD,5"" JUMPERS (YELLOW female-female)",920-0009-01,0,-30.33333333,41,212,High - overdue for batch,-178,
499,b1hvqrryc4hccb25td4pphdy45,SP Amp DIFF Receiver Amp Single ??12.6V/25.2V 8-Pin SOIC N Tube,AD8129ARZ,239,-54,9.333333333,106,Medium,30.33333333,
500,9z0mcgyt0ghjwa5kww4qz3a6r7,"Conn SMA RCP 50Ohm Solder ST Edge Mount Gold Tray, Receptacle, Female Socket",73251-1150,215,-116.4708333,14.57142857,29,High,7.571428571,
501,bbwcy5wme2hak9yw3k3ydcd1df,Fan Blower 35X10MM 5VDC,BFB03505HHA-C16R,78,-30.77777778,94.83333333,57,Low,182.6666667,
502,fvj3g3mcjyks2aea6cvnqjfxce,COMPACT SMT JMPR 6.9MM,,139,-8.555555556,13,171,Low,201,
503,dazfxn8cwjgqgasrpz8qfe6rwh,(TOOL FOR OSCILLOSCOPE),,3,-17,20,175,High - overdue for batch,-162,
504,d9c5dyb9e4k9tbjpg4yv1cj8ep,4MM/CW COIL,,38,-44.77777778,95,155,High - overdue for batch,-67,
505,9zmrvt0ab2gngaskjp3kwda5f6,CHIPSHOVER FRONT PANEL,,1,-5,0,212,Low - not enough data,-219,
506,b5jpfcsj82jvqa5h5yte4benah,SCS220AJ Series 650 V 20 A Surface Mount SiC Schottky Barrier Diode - TO-263AB,SCS220AJTLL,510,-107,4,325,High,9,
507,ckrfz5pt28h0tb4k6fh34vdnqg,QUICK STARTER GUIDE CARDS (16CARDS IN SET),,0,-60.5,8,324,High - overdue for batch,-323,
508,b612srqrjckt0any66z1ba8vp9,SUB ASSY OF ENCLOSURE in pair,,119,-20.19444444,57.46666667,35,Low,280.3333333,
509,bj1aqb3jemhhg8n3r8sq8hgmxx,Conn Unshrouded Header HDR 7 POS 2.54mm Solder ST Top Entry Thru-Hole BergStik® Bulk,68000-107HLF,79,-25,0,95,Low - not enough data,-7,
510,fzdjjadvgekmcbbs9b1xf0zkbm,MCU 32-bit ARM Cortex M33 RISC 2MB Flash 3.3V 132-Pin UFBGA Tray,STM32U585QII3,49,-1,0,329,Low - not enough data,-7,
511,cn0vdmy5v2h1sasaqk9fmqktqf,Conn SMA Adapter PL/RCP 0Hz to 18GHz 50Ohm RA Gold,132172,16,-8.909090909,23.9047619,35,High,16.9047619,
512,ddh080xhwegkc9spbtt1g5rj50,"Structural Adhesive, Clear Epoxy, J-B Weld Clearweld, 0.85 oz. Syringe (J-B Weld 50112 6 Pack 0.85 oz. ClearWeld Syringe Quick Setting Epoxy, Clear)",7605A18,11,-1,0,185,Low - not enough data,-7,
513,dd2g3f32a4jbh83hgkhjzk7ep8,"ChipWhisperer Husky Enclosure (Hammond C16101M, modified from 1593LTBU)",C16101M,500,-110.0555556,18.08888889,41,Medium,65.35555556,
514,afg4j0pbjjg8a89sfmwv681db3,Programmable Logic IC Development Tools CW340 Luna Board for OpenTitan Emulation with Kintex UltraScale KU095,,0,-2,0,8,Low - not enough data,-15,
515,bk7542a5d8kynb5rwcqse6ymat,"Contact; female; 0.05÷0.13mm2; 26÷30AWG; ACHL, GH, SHL; tinned; 1A",SSHL-002T-P0.2,2649,-36.125,10.85714286,57,Low,785.5714286,
516,brvqznraj2jnn89095swj6wvhg,Rectifier Ultra-Fast Recovery Gpp Sma 1.0A 600V Rohs 5K Rohs Compliant: Yes,US1J-13-F,900,-100,0,73,Low - not enough data,-7,
517,crmefwax16havabrs7fnvw7nda,"4 x 8"" 4 Mil Anti-Static Reclosable Poly Bags",S-1457,609,-12.95454545,16.74166667,35,Low,779.8583333,
518,djd7d3vnytjc3b9gym22r0w9j6,"9 mm, 25 Vp-p Vdc, 65 dB, Surface Mount (SMT), Piezo Audio Transducer Buzzer",CPT-9019S-SMT-TR,1721,-1,0,191,Low - not enough data,-7,
519,dhg030791tjz48m3v2zx3k6ceb,Res Thick Film 1.6 x 0.8 mm 22 Ohm 1% 0.1W(1/10W) 100ppm/ C Molded SMD Paper T/R,RC0603FR-0722RL,2644,-84.2,27.75,196,Low,853.25,
520,bgnsvc9vvchak8zbge4z7d7r24,ChipWhisperer Lite 32 bit Arm board,,12,-1.138888889,70.2,77,Low,695,
521,bsxtm373jajx7avtq5h2w5hvdj,COOLING AIR ADAPTER(INLET),QSMP-M8X1.25-6,65,-15.08333333,36.97619048,35,Low,140.9047619,
522,amvnmjgpvwkvb8jhkhj3345p1g,Digital Isolator CMOS 4-CH 150Mbps Automotive 16-Pin SOIC W Tube,SI8642BT-IS,0,-72,0,184,Low - not enough data,-191,
523,ctk2pdr9zyhqjb6j23ykmthj6n,"Multilayer Ceramic Capacitor, GRM Series, 0.1 F, 10%, X5R, 16 V, 0402 [1005 Metric]",GRM155R61C104KA88D,15468,-169.5694444,52.88888889,63,Low,4805.888889,
524,bmkvsdzav8hr08tfj8q6d83fp1,Enclosure; Box-Lid; Handheld; ABS; UL94HB; Black; 1.97x1.97x0.79 In; 1551 Series,1551RBK,111,-76,0,91,Low - not enough data,-7,
525,ap0j4fnzb8jzba3dgfdxxxnjbt,"1.25V 50ppm/Degrees C, 50uA in SOT23-3 Series (Bandgap) Voltage Reference 3-SOT-23 -40 to 125",REF3012AIDBZT,177,-18.66666667,224,58,Low,2009,
526,dnx64hx4gajph9pecgs67ra76t,CONN SOCKET 18-24AWG CRIMP TIN,502178000,4500,-1,0,328,Low - not enough data,-7,
527,bzj8fs6ak8hrx93yvfehkp79sx,4-Bit Bidirectional Voltage-Level Shifter with Auto Direction Sensing and +/-15 kV ESD Protect 14-SOIC -40 to 85,TXB0104D,8,-16,0,105,Low - not enough data,-112,
528,ddem6gex0mk919ppe49ww308sf,CW503 Probe Power Supply (UNTESTED),,111,-139,0,91,Low - not enough data,-98,
529,dqs530044jjzh9q0vp9y9ga7mz,"Multilayer Ceramic Capacitor, 3.3 uF, 10 V, ï¿½ 10%, X5R, 0603 [1608 Metric]",CL10A335KP8NNNC,1200,-50,0,63,Low - not enough data,-7,
530,dmxa94d2jajf0a6f7x5w9r7hgp,MM3Z18VB Series 200 mW 18 V 10 mA Surface Mount Zener Diode - SOD-323F,MM3Z18VB,383,-100,0,73,Low - not enough data,-7,
531,brd848fnyyk779f5kg87nbwcqr,"Automotive flat fuse, 3 A, 32 V, purple, (L x W x H) 10.9 x 3.8 x 16 mm, 0297003.WXNV",0297003.WXNV,41,-3.666666667,56.5,212,Low,614.5,
532,c11hnmnsqrj2rbkgzsjfyg615c,UFO TARGET ATSAML11,,82,-2.942857143,68.05555556,18,Low,1830.5,
533,b3xe1qytt2hc6awvvq0ts20fgy,ChipWhisperer-Nano Main Board,,36,-100.0666667,88.25925926,51,High,30,
534,dr4kmjf9e6gft9pzyjfqbyd8kb,S-16524,S-16524,375,-47.0860119,4.617647059,6,High,25.32352941,
535,bt4mhh0vxjgqrb1ger7ycw08pb,Battery Holder 2 Cells AA Size,PRT-09925,56,-22.73611111,15.13888889,70,High,23.27777778,
536,e4xmtxkzfcgxabvh4j19dm0fpm,Chipshouter victim board set,,32,-15.02777778,31.6,35,Medium,56.2,
537,dw70t54t26g6h902f5d57a4vvx,"UFO Target, 87C51 TESTED",,0,-1.041666667,17.77777778,52,High - overdue for batch,-41,
538,dm2fbgs46ygvr8225qtn6x95db,"Jumper Wire Female 5"" 100PCS (PURPLE)",920-0179-01,426,-250.25,19.44444444,52,High,12.44444444,
539,dzsgsyvxmwhfeaq66vsn2mwyyq,"Multilayer Ceramic Capacitor, GRM Series, 10 F, 20%, X5R, 10 V, 0603 [1608 Metric]",GRM188R61A106ME69D,2564,-64,0,133,Low - not enough data,-7,
540,ceetrn85tmh7s80rg2xjdrp9e3,"USB Cable: A-Micro B, w/Ferrite, 6 Foot",5458,189,-21.05,14,6,Low,105,
541,bbvc9f63rckpzaks1kcbznwpwh,Switch Access Rectangular Button Tactile Switch Automotive Bulk,BTNK0390,21,-17.94444444,43.02222222,35,Medium,36.02222222,
542,dt997gbs78hke87h6x5s5qhrzp,MINI UFO BOTTOM,,36,-2,0,325,Low - not enough data,-7,
543,emkp1w3czaj3h9b7mttqm5x1x7,UFO KIT SLEEVE COVER,,52,-23.08333333,26,114,Medium,45,
544,e6b6bz7tsjkkg8m97kxvvmmd3a,UFO KIT SLEEVE COVER,,52,-23.08333333,26,114,Medium,45,
545,ca4ac7900thvcadrtvayrbyfm6,"Surface Mount Thick Film Resistor, RC Series, 47 kohm, 100 mW, - 1%, 50 V, 0603 [1608 Metric]",RC0603FR-0747KL,3797,-101.5,104,198,Low,3841,
546,e0mpgfmd3ak4x8er8v2gfmc0ze,S-11242,S-11242,53,-40.94719298,8.180236271,14,High,1.180236271,
547,bkh8fmaa7tjpx9yzy0jpwtchk2,USB INTERFACE PCB  REV. 3,,0,-36,0,184,Low - not enough data,-191,
548,en1mh57vfmjr18aad0f1k8pzkx,Conn Unshrouded Header HDR 3 POS 2.54mm Solder RA Side Entry Thru-Hole BergStik® Bulk,68016-103HLF,65,-24,0,184,Low - not enough data,-7,
549,bnbmhz05k0g4y8zwm1d20wmhmj,RF Connector SMA Jack Straight PCB Mount | Johnson-Cinch Connectivity Solutions 142-0701-201,142-0701-201,15,-8,0,282,Low - not enough data,-7,
550,cqrgnvqccggzb8xssmtbkdmmy8,Rigid Front Mount 3 mm Round Lens Low Profile Round Face 0.215 Light Pipe,PLP2-215,1793,-364.6111111,9.303703704,65,Medium,30.21481481,
551,bnbv78zfeaj1f8072fs11t7wvz,IDC CBL - HHKR20S/AE20G/HHKR20S,H3DDS-2006G,525,-51.80619048,5.8460401,6,Medium,51.460401,
552,ebr9vfvtrjhsq8ymwa88qpc4a8,NPCA LOW NOISE AMPLIFIER,,0,-99.6,63,29,High,27,
553,crzwdk77gejsv8nzqxpnyekvkk,"Connector Header, Vertical, 40-Position, Male Pin, Solder, AmpModu Mod II Series",4-103185-0,2,-106,0,328,Low - not enough data,-335,
554,cv698xb5zek8tb542e6xb1dyjm,"INTERCHANGEABLE AC INPUT PLUG, BLACK, UK",ACM PLUG UK,15,-2.805555556,61.33333333,64,Low,299.6666667,
555,brq7eg27hehp0bgv678y7g9t62,Backshell (straight),,5,-1.25,0,23,Low - not enough data,-7,
556,esbej124drjvm9wstc9gg3qmky,H-Field Probe,,5,-18.23333333,14.06753247,6,High,1,
557,cztn0pgzbmj0tb4238gpep9c7s,0603 10 nF 50 V ±5 % Tolerance X7R SMT Multilayer Ceramic Chip Capacitor,VJ0603Y103JXAAC,1790,-216,28,106,Low,217,
558,bvvqrmg26mgbxasvpndmmj8htn,Blank PCB for XMEGA UFO Target REV.3,,15,-53.77583333,12.25714286,6,High - overdue for batch,-1,
559,eyg2qqfsmckyz8k7ap76vph1ve,orange box (dog house)for the HUSKY kits,,0,-48.15833333,26.59090909,50,High - overdue for batch,-30,
560,cxy4sfq4amk368vgnv459ag518,Programmable Logic IC Development Tools Spartan 6LX9 FPGA Target for CW308 (TESTED),,40,-16,0,202,Low - not enough data,-7,
561,cy2t6ta0ragfa8e9npwvj0wjh1,RC Series 0603 0.1 W 49.9 Ohms 1% ±100 ppm/°C SMT Thick Film Chip Resistor,RC0603FR-0749R9L,3044,-108,28,106,Low,777,
562,dafq5sfnd8jqdaf8qama9t61mb,BROWN BOX CORRUGATED BOXES,S-4105,43,-5,0,323,Low - not enough data,-7,
563,f0qjdncp94hctatcgmjdrmqj7s,Conn Unshrouded Header HDR 6 POS 2.54mm Solder ST Top Entry Thru-Hole BergStik® Bulk,67996-106HLF,133,-25,0,95,Low - not enough data,-7,
564,f8yrv595grk66am2kesnrxxyhc,"Phillips Rounded Head Thread-Forming Screws for Plastic, Zinc-Plated Steel, Number 2 Size, 1/4"" Long",90380A005,528,-59.75,87.66666667,72,Low,694.3333333,
565,dfcabn0j72hyn8teb4fdhnf10r,Red 0603 - 1.6 x 0.8 x 0.75 mm 120° Clear 100 mcd Surface Mount Chip LED Lamp,APT1608SRCPRV,1499,-132.4666667,18.63701299,8,Low,198.0071429,
566,fbzt4rz1g0kkf8tphc5b82c7b1,"Artix 7A35 FPGA Target - 100 mOhm, No VCC",,0,-1.416666667,84.66666667,95,High - overdue for batch,-17,
567,d3txtq27zmgxt8xbtzwfr0xayr,"13 x 10 x 4"" WHITE",S-13280,55,-9.861111111,19.73333333,57,Low,91.66666667,
568,dd058ktmt0kzp9vm2spprvgy3n,"Artix 7A100 FPGA Target - 500 mOhm, No VCC",,2,-2,0,27,Low - not enough data,-7,
569,dpj76cw8jrj8r8xwb94jv0jjxw,Other Modules PhyWhisperer-USB Trigger/Analyzer,,6,-1.6,139.5,18,Low,411.5,
570,e0npsnsd06k978mp6y91ce660b,Case for ChipShover - Modified 1455N2201 with Silkscreen,C15147M,16,-6.5,117,212,Low,227,
571,e1ycs6014ph8m9gp8jt4y33qr3,BROWN BOX CORRUGATED BOXES,S-4565,98,-10.5,0,323,Low - not enough data,-7,
572,e2mmkq7amakh19m15dhq1dvvhp,"Test Probes H-Field Planar Probe, 15mm (HPROBE + 0""SMA cable+coupler)",,0,-1,32,268,High - overdue for batch,-243,
573,e45tp075qpkr8bkqf3374f2hma,Low Noise Amplifier - Assembled & Tested,,164,-13.43383838,10.60911765,6,Low,120.3094118,
574,ec02wd87myg1capy7gznzp6cds,"Anti-Static Bag 3x5""",30035,2302,-85.41456583,5.34967366,6,Low,132.0915152,
575,dqertvrfxggewaf67zgmf13h5r,WR-BHD 2.54mm Female IDC Connector w Strain Relief,61202023021,30,-23,38,287,Medium,31,
576,fqnchx7r6ekq7apmb8kj36txg8,RES HIGH VOLTAGE 1210 4.3M OHM 1/3W 1% SMD,KTR25JZPF4304,15,-8,0,325,Low - not enough data,-7,
577,e5ctzatxewjp48xh80efs33qnk,"Rf / Coaxial Connector, Mcx Coaxial, Straight Plug, Crimp, 50 Ohm, Rg174, Rg188A, Rg316, Brass Rohs Compliant: Yes",11 MCX-50-2-16/111NH,105,-194,0,328,Low - not enough data,-335,
578,edhe42y9xah1za0sv0hfvmmzn6,Heatsink Music Wr Spring 4.32MM,ATS-PPS-20,6,-19.66666667,135,57,Medium,71,
579,dsta3pgbmcjr99k7cvf43e2167,,,31,-9.25,58.44444444,8,Low,168.3333333,
580,fqtrvyw0pygsyas8dz25g623gt,CWLITE 32 BIT SLEEVE COVER,,127,-36.48888889,12.58333333,99,Medium,30.75,
581,ejsyxj2vn0hmp8g7zv3gqns38n,CHIPSHOVER,,185,-10,0,211,Low - not enough data,-7,
582,e669pddmnej5wayqq94t1rz145,MAIN ENCLOSURE(BLUE) - Hammond C12922M,C12922M,4,-1,0,329,Low - not enough data,-7,
583,embsrf8cw8j1db2hx9xhxejx2h,CW340 KIT OUTER LABEL,,33,-9.666666667,112,57,Low,329,
584,dvrf538c1akxt9rzr9pwhqjvsq,UFO Board Removal Tool,,342,-40.35761905,10.56805556,6,Medium,77.54444444,
585,e6kqvzdphchteb63rb1nv59jfm,FPGA Kintex UltraScale Family 1176000 Cells 20nm Technology 0.95V 1156-Pin FC-BGA Tray,XCKU095-1FFVA1156C,26,-19.2,267,15,Low,260,
586,es2ynrgc4ej638ceqetarp263e,BROWN BOX CORRUGATED BOXES,S-4142,61,-21.83333333,176,147,Low,345,
587,cc9raa0xxggywa0tw7vadgyn2p,Built in house,,0,-6,0,328,Low - not enough data,-335,
588,emsg5nffbpk3tbvsf1w6wtqf7h,HOLDER CR2032 GOLD LEADS SMD,BU2032SM-BT-GTR,0,-35.33333333,0,184,Low - not enough data,-191,
589,evvqgpk4hmga08xjrvbnxy7djn,"Bluetooth , ZigBee and Thread Combo System on Chip",EFR32MG21A010F1024IM32-BR,9,-98,114,196,High - overdue for batch,-89,
590,ceyb60jpq2ggn94mcfm7z4bs46,Serial Flash Memory with 133MHz Multi I/O SPI & Quad I/O QPI DTR Interface 32Mb 4Mx8 1.8V 8-Pin SOIC Tray,IS25WP032D-JBLE,1,-32,0,105,Low - not enough data,-112,
591,ep32g8ef12kes89rr3pkqyd0cg,,,160,-72.41666667,264,72,Low,521,
592,eg5cwp74ecj40bv35ht7r2j0a7,Res Thick Film 0603 221 Ohm 1% 1/10W ±100ppm/°C Molded SMD SMD Punched Carrier T/R,ERJ-3EKF2210V,1086,-108,28,106,Low,273,
593,ey810qmwmygzcaytbjwwh19rtd,UFO TARGET STM32F-SOCKET 64 (TQFP) (TESTED),,47,-1,0,325,Low - not enough data,-7,
594,e8h8tsgrvwgqqa7951nh5q2vem,ChipWhisperer Lite 2-Part VersionKIT,,2,-1,0,211,Low - not enough data,-7,
595,ehwn8hrxb8kyfag91ntw37g3ya,"UFO Target, Atmel XMEGA",,0,-33.42,17.25,24,High - overdue for batch,-13,
596,eytbc7qy90h4gbxt4wqtaznpmm,BROWN Box 16x16x14 CORRUGATED BOXES,S-4893,47,-2,0,323,Low - not enough data,-7,
597,cns28nm0n4kdpazdkf5zzw4pz9,"12-Bit, 250-MSPS Analog-to-Digital Converter (ADC) 48-VQFN -40 to 85",ADS4129IRGZT,75,-75,0,179,Low - not enough data,-7,
598,ez6y3cy9eggetarg0s1vdjx9aw,Res Thick Film 1.6 x 0.8 mm 51 Ohm 1% 0.1W(1/10W) 100ppm/ C Molded SMD Paper T/R,RC0603FR-0751RL,1674,-83.69,44.42857143,10,Low,881.5714286,
599,efwf5ar6jag5cb6k01hbm74c4e,Sonata boards Rev.06,,19,-3.75,9,41,Medium,38,
600,en2aq6k442gcm98zfffaz4pnwh,"TO BE USED UNDERNEATH THE THINNER /THICKER PINK FOAM FOR CHIPSHOUTER...Polypropylene Cloth Mounting Tape, 1"" Wide, 108 Feet Long",,0,-1,0,196,Low - not enough data,-203,
601,cpv20y6kq6gy49mhha5vch8g5y,"UFO PCB, Generic / 0.1"" hole spacing",,270,-107.7266234,15.79666667,6,High,24.59333333,
602,eh0b76f8a4g1g8wq6y8rj489x9,Development Boards & Kits - ARM STM32F0 Target for CW308 (TESTED),,17,-23.11388889,15.635,6,High,2,
603,f6612ja272h3v8axn09hdrk8mg,Heatsink 35X35X10MM R-tab T766,ATS-20F-175-C2-R0,34,-20,0,57,Low - not enough data,-7,
604,cq791p9yzegf4atvna9391evfy,Chipwhisperer Husky main boards Rev. 03 (7A35T)  (UNTESTED),,205,-45.11666667,16.77941176,14,Medium,60.11764706,
605,craw3s4pd0hncar4wb9kcypbv5,"MCX to BNC Cable, 15cm (6"")",,0,-1,0,280,Low - not enough data,-287,
606,f2jkx464yekbs8n88p9j0t4njd,Sunburst sticker for SONATA,,12,-37,23,112,High - overdue for batch,-96,
607,exfq5gzjpyhpg90z5xgfbevh9b,CWLITE CLASSIC SLEEVE COVER,,39,-21.25,14,56,High,7,
608,cyfj2jkj64g7k8qfpwckdkezyj,Development Boards & Kits - ARM STM32F4 Target for CW308 (TESTED),,6,-16.68253968,51.83333333,55,High - overdue for batch,-10,
609,f43vhzjwraghhbee5613zc7xyr,CL10 Series 2.2 uF 10 V ±10% Tolerance X7R SMT Multilayer Ceramic Capacitor,CL10B225KP8NNNC,7105,-201.2297619,14.10526316,63,Low,486.6842105,
610,ezqtt5yazwhe78k9n501q7dec6,Cap Ceramic 10uF 16V X5R 10% SMD 0805 85°C Embossed T/R,GRM21BR61C106KE15K,1672,-216,28,106,Low,189,
611,exvp3qd4f8jam9mwvj61rv2sxj,Contact for details,CCSMA-MM-RG174-24,3,-39,0,29,Low - not enough data,-36,
612,f3s9ysnyr4g2w9w48aezqcms5x,CW310-K410T Kit - NORMAL (COMPLETE KIT)  includes acc pack for K410T (spare fan),,2,-2,41,157,Medium,34,
613,fmdzmbakqcg449g1ebqw9mw60c,8-Bit Bidirectional Low-voltage Translator 20-TSSOP -40 to 85,SN74GTL2003PWR,193,-27.1,22.1,8,Low,147.7,
614,d5ym44tdqegfnahmhhxbyxn4d8,44TQFP IND TEMP GREEN 1.6-3.6V,ATXMEGA128D4-AU,125,-47.6,24.6,10,Medium,42.2,
615,fdj50wdth2h5j9kry98gz7p7j8,Conn Unshrouded Header HDR 30 POS 1.27mm Solder ST Top Entry SMD Tube,20021121-00030T4LF,15,-10,0,287,Low - not enough data,-7,
616,f31js767z4hkh9kebwhqtwprdy,RF Amp Chip Single GP 2.2GHz 3.6V 6-Pin TSSOP T/R,"BGA2801,115",271,-58,0,329,Low - not enough data,-7,
617,fxnfmdh3sejg48r8f9awwmqcjp,Conn DIP Socket SKT 28 POS 2.54mm Solder ST Thru-Hole Tube,1-2199298-9,15,-5.8,39.5,16,Medium,72,
618,fhnm0pv8zmjnx9nbammn0bc0w2,TLV8542 RRIO Nanopower Operational Amplifier for Cost-Optimized Systems 1.7V to 3.6V 8-Pin SOIC T/R,TLV8542DR,62,-37.33333333,224,58,Low,217,
619,f9kq9ds1cwkaz8tk0ezw3n1b73,LED GREEN CLEAR 0603 SMD,APT1608CGCK,1158,-97.64074074,14.83333333,63,Low,156.1666667,
620,dhd4neaakmhdfaxabhjn9y7rfy,Backshell (90 deg) Orientation 2 : rotated 180 degrees),,5,-1.666666667,0,23,Low - not enough data,-7,
621,fd6ncxaw7pk449f3xz2anfp5hj,"ULINE SOFT FOAM SHEETS- CHARCOAL, 1"" THICK,12 X 12""",S-12839,0,-62.69444444,13.14285714,129,High - overdue for batch,-122,
622,fgebm0784rkah8ax25prx9h8as,RF/Coaxial Connector; Connector Type: SMA Coaxial; Impedance: 50ohm ; RoHS Compliant: Yes,132331,118,-34.26421053,9.913333333,14,High,22.74,
623,dpsk10s08yg42bvdssg74xgpnq,CHIPSHOUTER LABEL BOTTOM LABEL,,100,-71.13333333,53.5,144,Medium,46.5,
624,dq7agpfsnej7zadfh5xdkgt2kt,SOCKET 7 MM SOLDER TAIL SINGLE,801-87-020-10-001101,5,-4,0,329,Low - not enough data,-7,
625,dqhgfhf2bghhaakhy1dw5htm1g,PINK FOAM THINNER (24X24X1/4),,0,-10,15,280,High - overdue for batch,-272,
626,ffhr2d7secjjcbbzsebpd7y8kv,"4-40 Screw, 3/8"", Stainless Steel CAP HEAD",92196A108,924,-124.2493756,6.694444444,10,Medium,39.86111111,
627,fwbgtgvprajp5b1mqfbtdfx5b2,PicoEmp (TESTED),,0,-11,0,336,Low - not enough data,-343,
628,fph5epjc8jjgkae5nkpbe6cqxj,STICKER MULE,,18,-36.66666667,11.5,112,High - overdue for batch,-107,
629,dsa4xckr5rkrx8ez83catyznc8,"CAP, MLCC, 10NF, 50V, X7R, 0603, REEL; Product Range:MULTICOMP - MC Series; Capacitance:0.01µF; Capacitance Tolerance:± 10%; Dielectric Characteristic:X7R; Voltage Rating:50V; Capacitor Case Style:0603 [1608 Metric]; Operating Temperature Min:-55°C; Operating Temperature Max:125°C; Packaging:Full Reel; MSL:(Not Available); SVHC:No SVHC (20-Jun-2013); Capacitor Terminals:SMD",MC0603B103K500CT,16,-32,0,105,Low - not enough data,-112,
630,fzx6ryn4rwjsa9zcamzq7bveyr,Conn Unshrouded Header HDR 4 POS 2.54mm Solder ST Top Entry Thru-Hole BergStik® Bulk,67996-104HLF,77,-25,0,95,Low - not enough data,-7,
631,e2686tkej8hqb8z9cd1w53ygy4,Power Supply AC-DC Multi Plug Adapter 12W Output Jack Level VI,VER12US050-JA,30,-12.36666667,8,6,High,9,
632,fyp5vxmcgwhwcacb8hjc3bq44c,Inductor Power Unshielded Wirewound 15uH 10% 1MHz Ferrite 0.3A 0.754Ohm DCR 1210 T/R,LQH32DN150K53L,1221,-20,0,58,Low - not enough data,-7,
633,e67hp4b0fgjsvbsyyfg5kq891c,1MM/CW COMPLETED,,6,-8.736111111,21.38961039,35,High - overdue for batch,-20,
634,er19wqw952j25812646ce77pxb,"10 x 12"" 4 Mil Anti-Static Reclosable Poly Bags",S-7625,459,-12.75757576,14.5,35,Low,500.5,
635,etsys4jhtakb79p4naa96e9g16,"INTERCHANGEABLE AC INPUT PLUG, BLK, EU",ACM PLUG EU,5,-9.166666667,16.02916667,57,High - overdue for batch,-47,
636,f3rqzvy690h30981egn79xnag5,Conn IDC Connector SKT 30 POS 1.27mm IDT RA Side Entry Cable Mount Tube,FFSD-15-01-N,8,-1.5,13,205,Medium,58,
637,f96xs2b0k6gyz9b6atn82qwg6z,KRM Series 2220 0.47 uF 630 V ±20% X7R Metal Terminal Multilayer Ceramic Capacitor,KRM55TR72J474MH01K,259,-100,0,73,Low - not enough data,-7,
638,fap6zba9ycjcv9x4g3xw04tt9k,"Passivated 18-8 Stainless Steel Phillips Flat Head Screw, M3 x 0.5 mm Thread, 6 mm Long",92010A116,158,-21.5,53.5,35,Low,367.5,
639,fdkmcbq8cak5zbs8mp8ed7zdvw,Res Thick Film 0805 49.9 Ohm 1% 0.4W ±100ppm/C Pad SMD Automotive T/R,ESR10EZPF49R9,0,-140,197,133,Medium,57,
640,fj5pyyx5bgksnbre6wm2zntmha,,,576,-34.91333333,18.425,6,Low,287.8,
641,fn85ta1shph2j9vh20sq0k76st,BallisticGel CW521 REV. 04 -NPCA,,15,-11.67,47.44444444,4,Medium,40.44444444,
642,fnssbkg9srjv59jwkxyt8qd1fv,"Cable 14POS Socket to Socket 3""",D89114-0131HK-3365/14-D-3,36,-9.375,90,57,Low,263,
